"tp","cl","ph","redox","leit","trueb","cl_2","fm","fm_2","event"
6.9,0.17,8.37,751,211,0.019,0.11,1796,951,0
6.8,0.17,8.38,751,211,0.019,0.11,1879,944,0
6.8,0.17,8.38,751,211,0.018,0.11,1848,942,0
6.8,0.17,8.37,752,211,0.018,0.11,1836,943,0
6.8,0.17,8.38,752,211,0.019,0.11,1847,939,0
6.8,0.18,8.38,752,211,0.019,0.111,1821,938,0
6.8,0.18,8.38,751,211,0.019,0.11,1885,945,0
6.8,0.18,8.38,753,211,0.019,0.111,1880,938,0
6.8,0.17,8.38,753,211,0.019,0.111,1870,938,0
6.7,0.17,8.38,752,211,0.019,0.113,1865,942,0
6.8,0.18,8.37,753,211,0.019,0.111,1833,944,0
6.8,0.17,8.38,753,211,0.019,0.113,1836,938,0
6.8,0.17,8.37,752,211,0.025,0.113,1871,947,0
6.8,0.17,8.38,753,211,0.019,0.11,1857,947,0
6.7,0.17,8.38,753,211,0.019,0.113,1862,945,0
6.8,0.17,8.37,753,211,0.021,0.113,1824,944,0
6.8,0.17,8.37,753,211,0.019,0.113,1844,947,0
6.8,0.17,8.37,752,211,0.019,0.114,1839,942,0
6.8,0.17,8.37,753,211,0.02,0.113,1858,944,0
6.8,0.17,8.36,753,211,0.019,0.11,1851,944,0
6.7,0.16,8.36,753,211,0.021,0.113,1865,934,0
6.8,0.16,8.36,752,211,0.019,0.111,1835,934,0
6.7,0.16,8.35,753,211,0.019,0.111,1812,934,0
6.9,0.16,8.35,754,207,0.019,0.111,1812,943,0
6.9,0.16,8.35,754,207,0.019,0.113,1810,943,0
6.8,0.16,8.35,753,207,0.019,0.11,1818,934,0
6.8,0.16,8.34,753,207,0.018,0.111,1836,937,0
6.8,0.16,8.34,753,207,0.018,0.111,1856,945,0
6.8,0.16,8.34,753,207,0.018,0.111,1817,947,0
6.9,0.16,8.34,754,207,0.019,0.113,1831,936,0
6.9,0.16,8.34,753,207,0.018,0.111,1828,943,0
6.9,0.16,8.33,753,207,0.018,0.114,1851,943,0
6.8,0.16,8.33,753,207,0.018,0.114,1833,943,0
6.9,0.16,8.33,754,207,0.019,0.113,1858,944,0
6.9,0.16,8.32,754,207,0.018,0.114,1870,937,0
6.9,0.16,8.32,754,207,0.018,0.114,1828,945,0
6.8,0.16,8.32,754,207,0.018,0.114,1834,942,0
6.9,0.16,8.32,754,207,0.019,0.116,1804,939,0
6.9,0.17,8.32,754,207,0.018,0.114,1813,937,0
6.8,0.17,8.32,754,207,0.018,0.116,1848,949,0
6.9,0.17,8.32,754,207,0.018,0.114,1825,947,0
6.8,0.17,8.32,754,207,0.018,0.114,1844,954,0
6.9,0.17,8.32,754,207,0.021,0.114,1831,945,0
6.8,0.18,8.31,754,207,0.02,0.116,1799,944,0
6.8,0.18,8.32,754,207,0.018,0.114,1839,945,0
6.8,0.17,8.31,754,207,0.02,0.116,1819,937,0
6.8,0.17,8.31,754,207,0.019,0.114,1839,938,0
6.8,0.17,8.31,754,207,0.018,0.114,1804,930,0
6.8,0.17,8.31,754,207,0.018,0.114,1813,942,0
6.9,0.17,8.31,754,207,0.018,0.114,1812,943,0
6.8,0.17,8.31,755,207,0.018,0.114,1862,945,0
6.8,0.16,8.31,754,207,0.018,0.114,1799,938,0
6.8,0.16,8.31,754,211,0.018,0.114,1835,943,0
6.9,0.16,8.31,754,207,0.018,0.113,1828,950,0
6.8,0.16,8.31,754,211,0.018,0.113,1828,1015,0
6.8,0.16,8.50733536034794,730.280805155332,211,0.0253949578743681,0.114,1795,1054,1
6.8,0.16,8.50733536034794,730.280805155332,211,0.0253949578743681,0.113,1822,1061,1
6.8,0.16,8.50733536034794,729.280805155332,211,0.0253949578743681,0.113,1783,1064,1
6.8,0.16,8.50733536034794,730.280805155332,211,0.0253949578743681,0.111,1829,1060,1
6.8,0.16,8.50733536034794,730.280805155332,211,0.0253949578743681,0.111,1818,1061,1
6.8,0.16,8.50733536034794,730.280805155332,211,0.0253949578743681,0.11,1817,1061,1
6.8,0.16,8.50733536034794,730.280805155332,211,0.0283949578743681,0.113,1792,1064,1
6.8,0.16,8.50733536034794,730.280805155332,211,0.0253949578743681,0.111,1825,1057,1
6.8,0.16,8.50733536034794,729.280805155332,211,0.0253949578743681,0.111,1827,1063,1
6.7,0.16,8.50733536034794,730.280805155332,211,0.0253949578743681,0.113,1806,1064,1
6.8,0.16,8.50733536034794,730.280805155332,211,0.0253949578743681,0.111,1821,1057,1
6.7,0.16,8.50733536034794,729.280805155332,211,0.0263949578743681,0.113,1821,1055,1
6.8,0.16,8.50733536034794,730.280805155332,211,0.0253949578743681,0.111,1822,1061,1
6.8,0.16,8.50733536034794,730.280805155332,211,0.0253949578743681,0.111,1836,1061,1
6.8,0.16,8.50733536034794,730.280805155332,211,0.0243949578743681,0.113,1799,1065,1
6.8,0.16,8.50733536034794,730.280805155332,211,0.0243949578743681,0.114,1793,1063,1
6.8,0.16,8.50733536034794,730.280805155332,211,0.0243949578743681,0.113,1795,1060,1
6.7,0.16,8.49733536034794,730.280805155332,211,0.0243949578743681,0.113,1795,1059,1
6.8,0.16,8.31,754,211,0.017,0.114,1795,1063,0
6.8,0.16,8.31,754,211,0.017,0.114,1811,1063,0
6.8,0.17,8.31,754,211,0.018,0.114,1800,1063,0
6.8,0.17,8.3,754,211,0.017,0.114,1810,1060,0
6.8,0.17,8.3,754,211,0.017,0.113,1799,1063,0
6.8,0.17,8.3,755,211,0.017,0.113,1833,1059,0
6.8,0.17,8.3,754,211,0.017,0.114,1833,1067,0
6.8,0.17,8.3,754,211,0.018,0.111,1799,1061,0
6.8,0.17,8.3,754,211,0.018,0.114,1766,1070,0
6.8,0.16,8.3,754,211,0.018,0.114,1807,1069,0
6.8,0.16,8.3,754,211,0.018,0.113,1848,1064,0
6.8,0.16,8.3,754,211,0.018,0.111,1805,1061,0
6.8,0.16,8.3,754,211,0.021,0.111,1781,1057,0
6.8,0.16,8.3,754,211,0.018,0.113,1828,1065,0
6.8,0.16,8.3,754,211,0.019,0.111,1778,1057,0
6.8,0.16,8.29,754,211,0.018,0.111,1792,1057,0
6.7,0.16,8.29,754,211,0.018,0.111,1790,1059,0
6.8,0.16,8.29,754,211,0.018,0.111,1805,1070,0
6.8,0.16,8.3,754,211,0.018,0.11,1789,1059,0
6.8,0.16,8.29,754,211,0.018,0.11,1807,1061,0
6.9,0.16,8.29,755,211,0.018,0.11,1813,1064,0
6.8,0.16,8.29,754,211,0.018,0.111,1776,1063,0
6.9,0.16,8.28,753,211,0.018,0.111,1782,1060,0
6.9,0.16,8.28,754,211,0.018,0.111,1847,1064,0
6.8,0.15,8.28,754,211,0.023,0.11,1758,1061,0
6.8,0.16,8.28,754,211,0.018,0.111,1770,1055,0
6.9,0.16,8.28,754,211,0.022,0.11,1796,1057,0
6.8,0.15,8.28,754,211,0.018,0.11,1777,1057,0
6.8,0.15,8.28,754,211,0.018,0.11,1796,1059,0
6.8,0.16,8.28,754,211,0.017,0.109,1790,1064,0
6.8,0.16,8.28,754,211,0.017,0.11,1783,1060,0
6.8,0.16,8.28,754,211,0.017,0.11,1784,1061,0
6.9,0.16,8.28,754,211,0.017,0.11,1802,1060,0
6.9,0.16,8.28,754,211,0.017,0.11,1784,1060,0
6.8,0.16,8.28,754,211,0.017,0.11,1773,1067,0
6.8,0.16,8.28,754,211,0.017,0.11,1800,1060,0
6.9,0.16,8.28,754,211,0.017,0.111,1767,1063,0
6.8,0.16,8.29,754,211,0.017,0.11,1805,1060,0
6.9,0.16,8.28,754,211,0.017,0.11,1770,1057,0
6.8,0.17,8.28,754,211,0.016,0.11,1767,1057,0
6.8,0.16,8.29,754,211,0.017,0.11,1777,1060,0
6.8,0.17,8.29,754,211,0.017,0.109,1754,1057,0
6.9,0.17,8.29,754,211,0.016,0.11,1668,1057,0
6.9,0.17,8.29,754,211,0.016,0.11,1591,1053,0
6.9,0.17,8.3,754,211,0.018,0.11,1608,1055,0
6.9,0.17,8.3,754,211,0.016,0.109,1616,1061,0
6.9,0.17,8.31,754,211,0.017,0.11,1609,1059,0
6.8,0.17,8.3,753,211,0.02,0.109,1648,1059,0
6.8,0.17,8.3,754,211,0.016,0.108,1605,1055,0
6.9,0.16,8.3,753,211,0.017,0.109,1604,1059,0
6.8,0.16,8.3,754,211,0.017,0.108,1608,1060,0
6.9,0.16,8.3,754,211,0.016,0.108,1575,1065,0
6.8,0.16,8.3,754,211,0.016,0.108,1611,1053,0
6.8,0.16,8.3,753,211,0.016,0.106,1621,1054,0
6.9,0.16,8.3,754,211,0.016,0.108,1640,1054,0
6.9,0.16,8.3,753,211,0.016,0.108,1616,1052,0
6.9,0.16,8.3,754,211,0.016,0.106,1621,1054,0
6.8,0.16,8.3,753,211,0.016,0.108,1620,1054,0
6.9,0.16,8.3,753,211,0.016,0.108,1605,1057,0
6.9,0.16,8.3,753,211,0.016,0.106,1648,1061,0
6.9,0.16,8.3,753,211,0.016,0.106,1608,1048,0
6.9,0.16,8.3,753,211,0.016,0.106,1630,1049,0
6.8,0.16,8.3,753,211,0.016,0.106,1638,1053,0
6.9,0.16,8.3,753,211,0.016,0.106,1619,1060,0
6.9,0.16,8.3,754,211,0.016,0.106,1648,1053,0
6.9,0.16,8.31,753,211,0.016,0.106,1597,1053,0
6.9,0.16,8.31,753,211,0.016,0.106,1597,1055,0
6.9,0.16,8.31,753,211,0.016,0.108,1603,1057,0
6.9,0.16,8.31,753,211,0.016,0.106,1608,1054,0
6.9,0.16,8.31,752,211,0.016,0.108,1596,1055,0
6.9,0.17,8.31,753,211,0.017,0.106,1604,1053,0
6.9,0.16,8.31,752,211,0.017,0.106,1614,1052,0
6.9,0.17,8.32,753,211,0.016,0.106,1607,1063,0
6.9,0.17,8.32,752,211,0.016,0.106,1574,1053,0
6.9,0.17,8.32,752,211,0.016,0.106,1604,1052,0
6.9,0.17,8.33,752,211,0.016,0.106,1627,1054,0
6.9,0.17,8.33,751,211,0.019,0.106,1596,1053,0
6.9,0.17,8.33,752,211,0.016,0.106,1648,1060,0
6.9,0.17,8.33,752,211,0.016,0.106,1611,1063,0
6.9,0.17,8.34,752,211,0.016,0.106,1584,1060,0
6.9,0.17,8.34,752,211,0.016,0.106,1622,1054,0
6.9,0.17,8.34,752,211,0.016,0.106,1597,1053,0
6.9,0.17,8.34,752,211,0.016,0.106,1607,1054,0
6.9,0.17,8.34,752,211,0.016,0.105,1607,1053,0
6.9,0.17,8.35,751,211,0.016,0.106,1607,1055,0
6.9,0.17,8.35,751,211,0.016,0.105,1587,1059,0
6.9,0.17,8.34,751,211,0.016,0.105,1581,1057,0
6.9,0.17,8.35,751,211,0.016,0.104,1609,1055,0
6.9,0.17,8.35,751,207,0.016,0.105,1601,1063,0
6.9,0.17,8.35,751,207,0.016,0.105,1592,1049,0
6.9,0.17,8.34,752,207,0.016,0.104,1609,1060,0
6.9,0.17,8.34,751,207,0.016,0.105,1585,1049,0
6.9,0.17,8.34,752,207,0.016,0.104,1593,1054,0
6.9,0.17,8.35,751,207,0.016,0.104,1630,1053,0
6.9,0.17,8.34,751,207,0.016,0.105,1568,1057,0
6.9,0.16,8.34,751,207,0.016,0.105,1599,1063,0
6.9,0.16,8.34,751,207,0.016,0.104,1604,1060,0
6.9,0.16,8.34,751,207,0.016,0.104,1605,1055,0
6.9,0.16,8.34,752,207,0.016,0.105,1607,1048,0
6.9,0.17,8.34,752,207,0.016,0.105,1556,1055,0
6.9,0.17,8.34,752,207,0.016,0.105,1576,1054,0
6.9,0.17,8.33,752,207,0.016,0.105,1590,1057,0
7,0.17,8.33,752,211,0.016,0.105,1609,1054,0
6.9,0.17,8.33,751,211,0.016,0.105,1627,1060,0
6.9,0.16,8.33,751,211,0.015,0.106,1609,1053,0
6.9,0.17,8.33,752,211,0.016,0.106,1609,1053,0
6.9,0.17,8.33,752,207,0.016,0.106,1631,1048,0
6.9,0.17,8.33,752,211,0.016,0.106,1604,1053,0
6.9,0.17,8.33,752,211,0.016,0.106,1603,1049,0
6.9,0.17,8.32,751,211,0.016,0.106,1627,1054,0
6.9,0.17,8.32,752,211,0.016,0.106,1586,1053,0
6.9,0.17,8.32,751,211,0.016,0.106,1584,1053,0
6.9,0.17,8.32,753,211,0.016,0.106,1598,1047,0
6.9,0.17,8.32,752,211,0.016,0.108,1591,1055,0
6.9,0.17,8.32,752,211,0.016,0.106,1598,1048,0
6.9,0.17,8.32,753,211,0.017,0.108,1608,1054,0
6.9,0.18,8.32,753,211,0.024,0.108,1592,1049,0
6.9,0.18,8.32,753,211,0.015,0.106,1607,1055,0
6.9,0.17,8.32,751,211,0.016,0.106,1608,1055,0
6.9,0.17,8.32,751,211,0.016,0.108,1608,1052,0
6.9,0.17,8.32,752,211,0.016,0.106,1614,1048,0
6.9,0.17,8.32,751,211,0.015,0.106,1636,1054,0
6.9,0.17,8.32,752,211,0.015,0.106,1634,1055,0
6.9,0.17,8.32,752,211,0.015,0.106,1576,1053,0
6.9,0.17,8.33,753,207,0.015,0.106,1630,1060,0
6.9,0.17,8.34,751,211,0.015,0.106,1570,1054,0
6.9,0.17,8.34,752,207,0.016,0.106,1592,1055,0
6.9,0.17,8.34,751,211,0.015,0.106,1622,1059,0
6.9,0.17,8.34,751,211,0.017,0.106,1579,1059,0
6.9,0.17,8.34,751,207,0.016,0.106,1590,1055,0
6.9,0.17,8.34,751,207,0.016,0.105,1592,1055,0
6.9,0.17,8.35,751,207,0.016,0.105,1619,1052,0
6.9,0.17,8.36,751,211,0.015,0.105,1569,1055,0
6.9,0.17,8.37,751,211,0.016,0.106,1592,1054,0
6.9,0.16,8.37,751,211,0.016,0.106,1598,1047,0
6.9,0.17,8.38,751,211,0.015,0.105,1591,1055,0
6.9,0.16,8.39,751,211,0.015,0.106,1576,1052,0
6.9,0.16,8.38,751,211,0.016,0.106,1584,1055,0
6.9,0.17,8.39,751,211,0.016,0.105,1593,1060,0
6.9,0.17,8.39,751,211,0.016,0.106,1605,1054,0
6.9,0.17,8.39,751,211,0.015,0.106,1613,1054,0
6.9,0.17,8.39,751,211,0.015,0.106,1619,1053,0
6.9,0.17,8.39,751,211,0.015,0.106,1590,1055,0
6.9,0.17,8.39,751,211,0.015,0.106,1668,1049,0
6.9,0.17,8.39,751,211,0.015,0.106,1557,1054,0
6.9,0.17,8.39,751,210,0.016,0.106,1593,1054,0
6.9,0.17,8.39,751,211,0.015,0.108,1587,1049,0
6.9,0.17,8.39,751,211,0.015,0.108,1615,1049,0
6.9,0.17,8.39,751,211,0.016,0.106,1611,1054,0
6.9,0.17,8.39,751,211,0.016,0.108,1611,1048,0
6.9,0.17,8.39,751,211,0.016,0.108,1605,1052,0
6.9,0.17,8.38,751,210,0.027,0.109,1597,1054,0
6.9,0.17,8.38,752,210,0.021,0.109,1591,1054,0
6.9,0.17,8.38,751,211,0.021,0.11,1584,1052,0
6.9,0.18,8.38,752,211,0.023,0.11,1619,1049,0
6.9,0.17,8.37,752,211,0.02,0.11,1601,1043,0
6.9,0.17,8.37,752,210,0.02,0.109,1608,1048,0
6.9,0.17,8.36,752,210,0.021,0.11,1604,1052,0
6.9,0.17,8.36,752,210,0.02,0.109,1598,1049,0
6.9,0.17,8.36,752,211,0.02,0.11,1601,1055,0
6.9,0.17,8.35,753,211,0.022,0.11,1621,1049,0
6.9,0.17,8.35,752,210,0.021,0.11,1596,1043,0
6.9,0.17,8.35,752,210,0.02,0.111,1601,1052,0
6.9,0.17,8.34,753,210,0.02,0.11,1574,1060,0
6.9,0.17,8.33,753,210,0.02,0.11,1608,1059,0
6.9,0.17,8.33,754,210,0.02,0.111,1593,1052,0
6.9,0.17,8.32,754,210,0.02,0.11,1598,1048,0
6.9,0.17,8.32,753,211,0.021,0.11,1598,1054,0
6.9,0.17,8.32,753,210,0.021,0.11,1596,1055,0
6.9,0.17,8.31,753,211,0.021,0.111,1597,1055,0
6.9,0.17,8.31,753,210,0.02,0.111,1609,1053,0
6.9,0.17,8.31,753,210,0.02,0.111,1596,1055,0
6.9,0.17,8.31,754,211,0.02,0.113,1569,1057,0
6.9,0.17,8.31,754,210,0.02,0.113,1579,1048,0
6.9,0.17,8.3,752,207,0.02,0.113,1591,1054,0
6.9,0.17,8.3,754,210,0.021,0.111,1584,1059,0
6.9,0.17,8.31,754,210,0.021,0.113,1586,1054,0
6.9,0.17,8.3,754,210,0.02,0.114,1569,1055,0
6.9,0.17,8.3,754,211,0.021,0.114,1586,1053,0
6.9,0.17,8.3,754,211,0.02,0.114,1601,1052,0
6.9,0.17,8.3,754,211,0.02,0.114,1621,1047,0
6.9,0.18,8.3,754,211,0.034,0.113,1598,1049,0
6.9,0.18,8.3,754,210,0.023,0.113,1607,1053,0
6.9,0.18,8.3,754,211,0.02,0.114,1590,1046,0
6.9,0.18,8.3,753,210,0.023,0.114,1574,1041,0
6.9,0.17,8.3,754,211,0.021,0.114,1590,1049,0
6.9,0.17,8.3,754,211,0.021,0.114,1561,1054,0
6.9,0.17,8.29,754,210,0.023,0.114,1587,1052,0
6.9,0.17,8.29,755,211,0.02,0.114,1598,1054,0
6.9,0.17,8.29,754,210,0.02,0.114,1604,1048,0
6.9,0.17,8.29,754,211,0.02,0.114,1608,1049,0
6.9,0.16,8.29,754,211,0.021,0.114,1587,1053,0
6.9,0.16,8.29,754,211,0.02,0.114,1559,1053,0
6.9,0.16,8.28,754,211,0.02,0.114,1578,1040,0
6.9,0.16,8.28,753,211,0.02,0.114,1596,1049,0
6.9,0.16,8.28,754,211,0.02,0.114,1586,1042,0
6.9,0.16,8.28,754,207,0.02,0.114,1608,1047,0
6.9,0.16,8.28,755,210,0.021,0.114,1643,1047,0
6.8,0.17,8.28,754,207,0.021,0.114,1585,1052,0
6.9,0.16,8.28,755,207,0.021,0.114,1611,1048,0
6.9,0.16,8.28,755,207,0.021,0.114,1609,1046,0
6.9,0.16,8.28,754,207,0.021,0.114,1576,1042,0
6.9,0.16,8.28,754,207,0.024,0.114,1628,1049,0
6.9,0.16,8.28,755,207,0.021,0.113,1614,1046,0
6.9,0.16,8.28,754,207,0.02,0.114,1576,1047,0
6.9,0.16,8.28,754,207,0.021,0.114,1599,1048,0
6.9,0.16,8.28,754,207,0.022,0.114,1593,1043,0
6.9,0.16,8.28,755,207,0.023,0.114,1603,1049,0
6.9,0.16,8.28,754,207,0.027,0.114,1592,1043,0
6.9,0.16,8.28,754,207,0.021,0.114,1627,1046,0
6.9,0.16,8.28,754,207,0.021,0.114,1590,1043,0
6.9,0.16,8.28,754,207,0.021,0.114,1626,1047,0
6.9,0.16,8.29,754,207,0.022,0.114,1598,1046,0
6.9,0.17,8.29,754,207,0.021,0.114,1626,1049,0
6.9,0.17,8.3,754,207,0.022,0.114,1622,1047,0
6.9,0.17,8.3,754,207,0.024,0.114,1607,1048,0
6.9,0.17,8.3,755,207,0.024,0.114,1605,1053,0
6.9,0.17,8.3,754,207,0.023,0.114,1644,1052,0
6.9,0.17,8.3,753,210,0.022,0.114,1614,1042,0
6.9,0.17,8.3,754,207,0.021,0.114,1619,1043,0
6.9,0.17,8.3,754,207,0.021,0.114,1587,1057,0
6.9,0.17,8.3,754,207,0.021,0.114,1598,1053,0
6.9,0.17,8.3,754,207,0.021,0.114,1608,1046,0
6.9,0.17,8.3,755,210,0.021,0.114,1587,1049,0
6.9,0.17,8.3,754,211,0.021,0.114,1651,1046,0
6.9,0.17,8.3,754,210,0.023,0.114,1645,1052,0
6.9,0.17,8.3,754,211,0.022,0.114,1644,1046,0
6.9,0.17,8.3,754,211,0.021,0.114,1672,1043,0
6.9,0.17,8.3,754,207,0.021,0.114,1667,1042,0
6.9,0.16,8.29,754,211,0.021,0.114,1671,1049,0
6.9,0.16,8.29,754,211,0.021,0.114,1650,1049,0
6.9,0.16,8.29,755,207,0.021,0.113,1666,1049,0
6.9,0.16,8.29,754,211,0.021,0.114,1645,1041,0
6.9,0.16,8.29,754,211,0.021,0.114,1633,1047,0
6.9,0.16,8.28,754,211,0.021,0.113,1648,1048,0
6.9,0.16,8.28,754,211,0.021,0.114,1615,1052,0
6.9,0.16,8.28,754,210,0.021,0.114,1634,1053,0
6.9,0.16,8.28,754,211,0.022,0.114,1599,1053,0
6.9,0.16,8.28,754,211,0.029,0.114,1596,1047,0
6.9,0.16,8.28,754,211,0.021,0.114,1593,1047,0
6.9,0.16,8.28,754,211,0.022,0.114,1593,1047,0
6.9,0.16,8.28,754,211,0.021,0.114,1601,1043,0
6.9,0.16,8.28,754,211,0.021,0.114,1592,1042,0
6.9,0.16,8.28,754,210,0.021,0.114,1613,1049,0
6.9,0.16,8.28,755,211,0.021,0.114,1619,1047,0
6.9,0.16,8.28,755,211,0.021,0.114,1622,1047,0
6.9,0.16,8.28,755,211,0.023,0.114,1604,1052,0
6.9,0.16,8.28,754,211,0.022,0.114,1608,1042,0
6.9,0.16,8.28,754,211,0.024,0.114,1598,1053,0
6.9,0.17,8.28,754,211,0.023,0.116,1631,1052,0
6.9,0.17,8.28,754,211,0.021,0.114,1625,1053,0
6.9,0.17,8.28,754,211,0.021,0.114,1625,1047,0
6.9,0.17,8.28,754,211,0.022,0.114,1643,1042,0
6.9,0.17,8.29,754,211,0.021,0.114,1628,1042,0
6.9,0.17,8.28,754,211,0.021,0.114,1619,1048,0
6.9,0.17,8.29,754,211,0.021,0.114,1615,1053,0
6.9,0.16,8.29,754,211,0.022,0.114,1615,1054,0
6.9,0.16,8.3,754,211,0.022,0.114,1619,1054,0
6.9,0.16,8.3,754,211,0.021,0.114,1659,1049,0
6.9,0.16,8.3,754,211,0.021,0.113,1638,1048,0
6.9,0.16,8.3,754,211,0.022,0.114,1619,1041,0
6.9,0.16,8.31,754,211,0.024,0.114,1643,1040,0
6.9,0.16,8.31,754,211,0.022,0.113,1630,1040,0
6.9,0.16,8.32,754,211,0.021,0.113,1637,1046,0
6.9,0.16,8.32,754,211,0.021,0.113,1616,1047,0
6.9,0.16,8.33,754,211,0.021,0.113,1605,1043,0
6.9,0.16,8.33,753,211,0.021,0.113,1697,1049,0
6.9,0.16,8.34,753,211,0.021,0.11,1726,1047,0
6.9,0.16,8.34,754,211,0.024,0.111,1689,1043,0
6.9,0.16,8.35,753,211,0.025,0.111,1688,1049,0
6.9,0.16,8.35,753,210,0.022,0.111,1685,1047,0
6.9,0.16,8.35,754,210,0.021,0.111,1709,1047,0
6.9,0.16,8.35,753,210,0.021,0.113,1707,1043,0
6.9,0.16,8.36,753,211,0.022,0.111,1719,1048,0
6.9,0.16,8.36,753,211,0.023,0.113,1688,1053,0
6.9,0.16,8.37,752,211,0.022,0.111,1725,1046,0
6.9,0.16,8.37,753,211,0.021,0.111,1685,1047,0
6.9,0.16,8.37,753,211,0.024,0.111,1697,1046,0
6.9,0.16,8.37,754,210,0.022,0.113,1666,1047,0
6.9,0.16,8.37,753,211,0.021,0.111,1721,1053,0
6.9,0.16,8.37,753,211,0.021,0.111,1660,1047,0
6.9,0.16,8.37,753,210,0.021,0.113,1682,1049,0
6.9,0.16,8.37,754,211,0.021,0.11,1660,1053,0
6.9,0.16,8.37,754,211,0.022,0.11,1644,1052,0
6.9,0.16,8.37,752,211,0.022,0.11,1650,1048,0
7,0.16,8.37,753,210,0.025,0.11,1633,1048,0
6.9,0.16,8.37,753,210,0.023,0.111,1649,1047,0
7,0.16,8.37,753,210,0.022,0.111,1633,1054,0
7,0.16,8.37,752,210,0.021,0.111,1662,1055,0
7,0.16,8.38,753,211,0.022,0.11,1665,1054,0
7,0.16,8.37,754,211,0.022,0.111,1665,1049,0
7,0.16,8.36,753,210,0.023,0.111,1660,1048,0
7,0.16,8.37,753,211,0.023,0.111,1666,1048,0
7,0.16,8.37,754,211,0.024,0.11,1648,1047,0
7,0.16,8.36,753,211,0.023,0.111,1616,1046,0
7,0.16,8.36,754,210,0.023,0.11,1645,1054,0
7,0.16,8.36,754,210,0.022,0.111,1678,1057,0
7,0.16,8.35,754,210,0.022,0.11,1653,1055,0
7,0.16,8.35,754,211,0.022,0.11,1648,1055,0
7,0.16,8.35,754,210,0.023,0.11,1630,1043,0
7,0.16,8.35,754,210,0.024,0.11,1653,1046,0
7,0.16,8.34,752,210,0.023,0.11,1660,1049,0
7,0.16,8.34,753,210,0.023,0.11,1620,1047,0
7,0.16,8.34,754,210,0.022,0.11,1651,1048,0
7,0.16,8.53733536034794,729.280805155332,210,0.0293949578743681,0.11,1666,1048,1
7,0.16,8.53733536034794,730.280805155332,210,0.0293949578743681,0.11,1682,1053,1
7,0.16,8.53733536034794,729.280805155332,211,0.0293949578743681,0.11,1656,1048,1
7,0.16,8.53733536034794,729.280805155332,210,0.0293949578743681,0.11,1630,1047,1
7,0.16,8.53733536034794,729.280805155332,210,0.0303949578743681,0.11,1643,1042,1
7,0.16,8.53733536034794,729.280805155332,211,0.0303949578743681,0.11,1668,1048,1
7,0.16,8.53733536034794,728.280805155332,210,0.0303949578743681,0.11,1666,1055,1
7,0.16,8.53733536034794,730.280805155332,210,0.0303949578743681,0.11,1656,1048,1
7,0.16,8.53733536034794,729.280805155332,211,0.0303949578743681,0.11,1671,1053,1
7,0.16,8.53733536034794,730.280805155332,210,0.0303949578743681,0.11,1628,1055,1
7,0.16,8.53733536034794,729.280805155332,210,0.0303949578743681,0.11,1721,1063,1
6.9,0.16,8.53733536034794,729.280805155332,210,0.0303949578743681,0.11,1657,1053,1
6.9,0.16,8.53733536034794,729.280805155332,210,0.0303949578743681,0.11,1709,1048,1
6.9,0.16,8.53733536034794,728.280805155332,210,0.0303949578743681,0.11,1667,1048,1
7,0.16,8.53733536034794,729.280805155332,211,0.0303949578743681,0.11,1711,1052,1
7,0.16,8.53733536034794,730.280805155332,210,0.0333949578743681,0.11,1689,1049,1
6.9,0.16,8.53733536034794,729.280805155332,210,0.0303949578743681,0.11,1689,1049,1
6.9,0.16,8.54733536034794,729.280805155332,210,0.0303949578743681,0.11,1696,1053,1
6.9,0.16,8.35,753,210,0.025,0.11,1717,1046,0
6.9,0.16,8.34,753,210,0.023,0.11,1656,1046,0
6.9,0.16,8.35,753,210,0.024,0.11,1711,1046,0
6.9,0.16,8.35,753,210,0.022,0.11,1666,1047,0
6.9,0.16,8.35,753,211,0.023,0.11,1637,1048,0
6.9,0.16,8.35,753,210,0.024,0.11,1648,1047,0
6.9,0.16,8.35,754,210,0.022,0.11,1686,1046,0
6.9,0.16,8.35,753,210,0.023,0.11,1650,1046,0
6.9,0.16,8.35,753,210,0.023,0.11,1685,1046,0
6.9,0.16,8.35,754,210,0.023,0.11,1627,1049,0
6.9,0.16,8.35,754,210,0.022,0.11,1667,1054,0
6.9,0.16,8.35,754,210,0.022,0.109,1685,1052,0
6.9,0.16,8.34,752,210,0.023,0.109,1684,1048,0
6.9,0.16,8.35,753,210,0.023,0.109,1729,1055,0
6.9,0.16,8.35,753,210,0.022,0.109,1694,1057,0
6.9,0.16,8.35,753,210,0.022,0.109,1673,1054,0
6.9,0.16,8.35,753,210,0.023,0.108,1689,1052,0
6.9,0.16,8.35,752,210,0.025,0.11,1682,1049,0
6.9,0.16,8.35,753,210,0.023,0.109,1684,1048,0
6.9,0.16,8.35,753,210,0.026,0.109,1715,1053,0
6.9,0.16,8.35,753,211,0.023,0.108,1672,1047,0
6.9,0.16,8.35,753,210,0.023,0.109,1703,1046,0
6.9,0.16,8.35,752,210,0.025,0.109,1706,1053,0
6.9,0.16,8.35,753,210,0.023,0.109,1694,1053,0
6.9,0.16,8.35,752,210,0.023,0.109,1717,1048,0
6.9,0.16,8.36,752,210,0.023,0.108,1729,1054,0
6.9,0.16,8.36,752,210,0.023,0.109,1732,1052,0
6.9,0.16,8.36,752,210,0.024,0.109,1700,1047,0
6.9,0.16,8.36,752,210,0.023,0.11,1714,1049,0
6.9,0.16,8.37,751,210,0.024,0.109,1755,1048,0
6.9,0.16,8.36,752,210,0.024,0.109,1725,1048,0
6.9,0.16,8.36,752,211,0.026,0.11,1737,1057,0
6.9,0.16,8.36,752,210,0.024,0.109,1729,1043,0
6.9,0.16,8.37,752,210,0.024,0.11,1708,1054,0
6.9,0.16,8.37,752,210,0.024,0.11,1740,1054,0
6.9,0.16,8.37,753,210,0.028,0.11,1725,1054,0
6.9,0.16,8.36,752,211,0.024,0.11,1769,1054,0
6.9,0.16,8.36,752,210,0.024,0.11,1708,1061,0
6.9,0.17,8.36,753,211,0.026,0.11,1703,1048,0
6.9,0.16,8.36,752,210,0.025,0.11,1707,1055,0
6.9,0.16,8.36,752,210,0.03,0.11,1760,1049,0
6.9,0.17,8.37,753,210,0.024,0.11,1769,1053,0
6.9,0.16,8.36,751,210,0.024,0.11,1790,1049,0
6.9,0.16,8.36,752,211,0.024,0.11,1771,1052,0
6.9,0.16,8.36,753,210,0.028,0.11,1741,1059,0
6.9,0.16,8.36,752,210,0.028,0.11,1770,1057,0
6.9,0.16,8.36,753,210,0.024,0.11,1805,1053,0
6.9,0.16,8.36,752,210,0.024,0.11,1771,1053,0
6.9,0.16,8.36,752,210,0.025,0.11,1778,1052,0
6.9,0.16,8.36,753,207,0.025,0.11,1732,1054,0
6.9,0.16,8.35,753,210,0.024,0.11,1754,1054,0
6.9,0.16,8.35,753,210,0.024,0.11,1763,1057,0
6.9,0.16,8.35,753,210,0.024,0.11,1758,1053,0
6.9,0.16,8.35,753,207,0.025,0.11,1672,1054,0
6.9,0.16,8.35,753,207,0.024,0.11,1557,1047,0
6.9,0.16,8.35,753,207,0.024,0.11,1474,1054,0
6.9,0.16,8.35,754,207,0.024,0.11,1509,1054,0
6.9,0.16,8.35,753,207,0.024,0.11,1468,1048,0
6.9,0.16,8.34,753,207,0.028,0.11,1527,1048,0
6.9,0.16,8.34,753,207,0.024,0.11,1464,1053,0
6.9,0.16,8.34,753,207,0.025,0.11,1494,1049,0
6.9,0.16,8.34,753,207,0.024,0.11,1466,1048,0
6.9,0.16,8.34,753,210,0.024,0.11,1510,1043,0
6.9,0.16,8.34,754,210,0.025,0.11,1494,1055,0
6.9,0.16,8.34,753,207,0.029,0.111,1498,1053,0
6.9,0.16,8.33,754,211,0.024,0.11,1491,1052,0
6.9,0.16,8.33,754,210,0.024,0.11,1498,1046,0
6.9,0.16,8.33,754,207,0.025,0.111,1482,1053,0
6.9,0.16,8.33,754,207,0.024,0.111,1541,1048,0
6.9,0.16,8.33,754,207,0.024,0.111,1543,994,0
6.9,0.16,8.33,754,207,0.024,0.11,1539,945,0
6.9,0.17,8.33,754,207,0.025,0.111,1543,938,0
6.9,0.17,8.33,754,207,0.024,0.11,1561,937,0
6.9,0.17,8.33,754,207,0.024,0.111,1459,932,0
6.9,0.17,8.33,753,207,0.024,0.11,1451,934,0
6.9,0.17,8.33,754,207,0.024,0.11,1466,938,0
6.9,0.17,8.32,754,207,0.024,0.11,1526,938,0
6.9,0.17,8.32,754,210,0.026,0.11,1481,938,0
6.9,0.17,8.32,754,210,0.024,0.11,1532,934,0
6.9,0.17,8.32,754,210,0.024,0.11,1460,932,0
6.9,0.17,8.32,754,210,0.024,0.11,1442,937,0
6.9,0.17,8.32,753,210,0.024,0.11,1474,936,0
6.9,0.17,8.32,754,210,0.024,0.11,1466,942,0
6.9,0.17,8.32,753,207,0.027,0.109,1487,939,0
6.9,0.17,8.32,753,210,0.024,0.11,1471,934,0
6.9,0.17,8.32,753,210,0.023,0.11,1464,937,0
6.9,0.17,8.32,754,210,0.023,0.109,1478,937,0
6.9,0.17,8.32,753,210,0.025,0.109,1498,928,0
6.9,0.17,8.31,754,210,0.023,0.109,1468,932,0
6.9,0.17,8.3,753,210,0.024,0.109,1446,938,0
6.9,0.17,8.3,754,210,0.023,0.109,1487,928,0
6.9,0.17,8.31,753,210,0.023,0.109,1446,930,0
6.9,0.17,8.3,754,210,0.023,0.11,1487,928,0
6.9,0.17,8.3,754,210,0.023,0.109,1482,930,0
6.9,0.17,8.3,753,210,0.023,0.11,1482,937,0
6.9,0.17,8.3,754,210,0.023,0.11,1523,937,0
6.9,0.17,8.3,754,210,0.023,0.109,1534,936,0
6.9,0.17,8.3,754,210,0.023,0.11,1495,938,0
6.9,0.17,8.3,754,210,0.023,0.11,1516,942,0
6.9,0.16,8.3,754,210,0.023,0.109,1472,937,0
6.9,0.16,8.3,754,210,0.023,0.11,1504,932,0
6.9,0.16,8.3,753,210,0.023,0.11,1517,942,0
6.9,0.17,8.3,754,210,0.023,0.11,1524,942,0
6.9,0.17,8.3,754,210,0.025,0.109,1472,937,0
6.9,0.16,8.3,754,210,0.023,0.11,1481,938,0
6.9,0.17,8.29,754,210,0.023,0.11,1488,932,0
6.9,0.17,8.29,754,210,0.023,0.11,1471,938,0
6.9,0.17,8.3,754,210,0.023,0.11,1534,937,0
6.8,0.17,8.3,754,210,0.023,0.11,1509,938,0
6.9,0.17,8.29,754,210,0.023,0.11,1511,943,0
6.8,0.17,8.29,753,210,0.023,0.109,1547,936,0
6.8,0.17,8.29,754,210,0.023,0.11,1532,937,0
6.8,0.17,8.29,753,210,0.023,0.11,1494,934,0
6.9,0.17,8.29,754,210,0.023,0.11,1510,942,0
6.9,0.17,8.29,753,210,0.023,0.109,1510,942,0
6.9,0.17,8.29,754,210,0.023,0.11,1530,942,0
6.9,0.17,8.29,753,210,0.022,0.11,1500,943,0
6.8,0.17,8.29,754,210,0.022,0.109,1501,936,0
6.8,0.17,8.29,754,210,0.022,0.109,1475,936,0
6.8,0.17,8.28,754,210,0.022,0.109,1532,938,0
6.8,0.17,8.29,753,210,0.023,0.108,1533,939,0
6.8,0.17,8.28,754,210,0.023,0.109,1538,936,0
6.8,0.17,8.29,753,210,0.023,0.106,1538,932,0
6.8,0.16,8.29,753,210,0.023,0.108,1553,934,0
6.8,0.16,8.29,753,210,0.023,0.108,1543,938,0
6.8,0.16,8.29,753,210,0.025,0.108,1568,931,0
6.8,0.16,8.29,753,210,0.023,0.108,1509,938,0
6.8,0.16,8.3,753,210,0.023,0.108,1489,942,0
6.8,0.16,8.3,753,210,0.023,0.106,1521,947,0
6.8,0.16,8.3,753,210,0.024,0.106,1649,938,0
6.8,0.16,8.3,754,210,0.023,0.108,1604,943,0
6.8,0.16,8.3,752,210,0.023,0.108,1644,943,0
6.8,0.16,8.3,752,210,0.023,0.106,1576,942,0
6.8,0.16,8.3,753,210,0.024,0.108,1608,939,0
6.8,0.16,8.3,754,210,0.028,0.108,1488,930,0
6.8,0.16,8.3,753,210,0.023,0.108,1572,934,0
6.8,0.16,8.3,752,210,0.023,0.109,1538,937,0
6.8,0.16,8.3,753,210,0.023,0.108,1515,939,0
6.8,0.16,8.3,752,210,0.023,0.109,1516,931,0
6.8,0.17,8.3,754,210,0.022,0.109,1575,950,0
6.8,0.17,8.31,752,210,0.023,0.11,1523,953,0
6.8,0.17,8.31,754,210,0.022,0.11,1533,954,0
6.8,0.17,8.31,754,210,0.023,0.11,1530,944,0
6.8,0.17,8.31,753,210,0.022,0.11,1527,942,0
6.8,0.17,8.3,753,210,0.023,0.109,1556,936,0
6.8,0.17,8.31,754,210,0.023,0.11,1553,939,0
6.8,0.17,8.32,753,210,0.022,0.11,1489,943,0
6.8,0.17,8.31,754,210,0.023,0.11,1523,939,0
6.8,0.17,8.31,754,210,0.025,0.11,1505,932,0
6.8,0.17,8.31,753,210,0.021,0.11,1506,931,0
6.8,0.17,8.3,754,210,0.022,0.111,1538,934,0
6.8,0.17,8.3,754,210,0.022,0.113,1517,936,0
6.9,0.17,8.3,753,210,0.022,0.114,1570,936,0
6.9,0.17,8.3,754,210,0.023,0.113,1616,936,0
6.9,0.17,8.3,754,210,0.022,0.111,1607,944,0
6.9,0.17,8.3,754,210,0.022,0.111,1614,943,0
6.9,0.17,8.3,754,210,0.023,0.11,1626,944,0
6.9,0.17,8.3,753,210,0.023,0.111,1637,936,0
6.9,0.16,8.3,754,210,0.023,0.111,1546,932,0
6.9,0.16,8.3,754,210,0.024,0.113,1568,937,0
6.9,0.16,8.3,754,210,0.023,0.113,1563,934,0
6.9,0.16,8.3,754,210,0.023,0.114,1528,934,0
6.9,0.16,8.3,754,210,0.022,0.114,1526,936,0
6.9,0.16,8.3,754,210,0.023,0.111,1501,942,0
6.9,0.16,8.3,754,210,0.023,0.111,1543,944,0
6.9,0.16,8.3,754,210,0.023,0.113,1511,937,0
6.9,0.16,8.3,754,210,0.022,0.113,1517,937,0
6.9,0.16,8.3,754,210,0.023,0.113,1527,936,0
6.9,0.16,8.3,753,210,0.022,0.113,1550,937,0
6.9,0.16,8.3,754,210,0.022,0.111,1512,932,0
7,0.16,8.3,754,210,0.023,0.111,1547,932,0
6.9,0.16,8.3,753,210,0.029,0.113,1518,932,0
6.9,0.16,8.3,753,210,0.025,0.114,1505,936,0
7,0.16,8.31,754,210,0.028,0.113,1530,936,0
6.9,0.16,8.31,754,210,0.023,0.114,1498,939,0
7,0.16,8.31,754,210,0.023,0.114,1653,934,0
6.9,0.16,8.31,754,210,0.023,0.113,1582,932,0
6.9,0.16,8.32,754,210,0.023,0.114,1619,938,0
6.9,0.16,8.32,754,210,0.023,0.113,1621,936,0
6.9,0.16,8.32,754,210,0.023,0.113,1545,943,0
7,0.16,8.33,752,210,0.023,0.113,1510,943,0
6.9,0.16,8.33,754,210,0.023,0.114,1538,938,0
6.9,0.16,8.33,754,210,0.023,0.113,1524,892,0
6.9,0.16,8.33,754,210,0.023,0.113,1518,880,0
6.9,0.16,8.34,754,210,0.023,0.113,1501,820,0
6.9,0.16,8.34,753,210,0.024,0.113,1518,806,0
6.9,0.16,8.34,754,210,0.023,0.114,1501,804,0
6.9,0.16,8.34,753,210,0.027,0.113,1487,803,0
6.9,0.16,8.35,753,210,0.023,0.113,1539,804,0
6.9,0.16,8.34,753,210,0.023,0.111,1511,804,0
6.9,0.16,8.35,753,210,0.023,0.111,1501,798,0
6.9,0.16,8.35,753,210,0.022,0.111,1488,792,0
6.9,0.16,8.35,753,210,0.022,0.111,1532,804,0
6.9,0.16,8.35,752,210,0.022,0.111,1527,799,0
6.9,0.16,8.35,753,210,0.022,0.11,1535,809,0
6.9,0.16,8.35,752,210,0.022,0.113,1516,809,0
6.9,0.16,8.35,752,210,0.023,0.111,1516,803,0
6.9,0.16,8.35,752,210,0.022,0.11,1500,806,0
6.9,0.16,8.34,753,210,0.022,0.111,1511,804,0
6.9,0.16,8.34,753,211,0.022,0.11,1526,810,0
6.9,0.16,8.34,753,210,0.022,0.111,1518,805,0
6.9,0.16,8.34,753,210,0.022,0.11,1539,806,0
6.9,0.16,8.34,753,211,0.021,0.111,1553,810,0
6.9,0.16,8.34,753,211,0.022,0.111,1516,804,0
6.9,0.16,8.34,753,211,0.022,0.11,1546,810,0
6.9,0.16,8.33,752,210,0.022,0.11,1556,800,0
6.9,0.16,8.33,753,211,0.023,0.11,1511,804,0
6.9,0.16,8.33,753,210,0.021,0.111,1541,799,0
6.9,0.16,8.33,752,210,0.022,0.11,1503,798,0
6.9,0.16,8.33,752,211,0.022,0.11,1557,804,0
6.9,0.16,8.33,753,210,0.022,0.11,1541,803,0
6.9,0.16,8.33,752,211,0.022,0.11,1553,805,0
6.9,0.16,8.33,753,211,0.032,0.111,1501,804,0
6.9,0.16,8.33,753,211,0.021,0.11,1526,804,0
6.9,0.17,8.32,753,211,0.021,0.11,1510,792,0
6.9,0.17,8.33,752,211,0.021,0.11,1503,799,0
6.9,0.17,8.32,753,210,0.022,0.11,1489,806,0
6.9,0.17,8.32,753,211,0.023,0.11,1633,811,0
6.9,0.17,8.32,752,211,0.021,0.11,1637,804,0
6.9,0.17,8.32,753,211,0.022,0.11,1649,810,0
6.9,0.17,8.32,752,210,0.022,0.11,1615,806,0
6.9,0.17,8.32,753,211,0.021,0.11,1547,798,0
6.9,0.17,8.32,753,211,0.021,0.11,1539,803,0
6.9,0.17,8.31,753,211,0.021,0.11,1535,805,0
6.9,0.17,8.31,753,211,0.021,0.111,1524,804,0
6.9,0.17,8.32,753,211,0.021,0.11,1526,800,0
6.9,0.17,8.31,752,211,0.021,0.111,1516,804,0
6.9,0.17,8.31,753,211,0.021,0.11,1526,803,0
6.9,0.17,8.3,753,211,0.022,0.111,1511,803,0
6.9,0.17,8.3,752,211,0.022,0.11,1557,799,0
6.9,0.17,8.3,752,211,0.023,0.11,1543,800,0
6.9,0.17,8.31,753,211,0.023,0.11,1564,805,0
6.9,0.17,8.3,753,211,0.023,0.11,1523,800,0
6.9,0.16,8.3,752,211,0.024,0.11,1532,800,0
6.9,0.16,8.31,753,211,0.023,0.11,1503,800,0
6.9,0.16,8.31,752,211,0.023,0.109,1543,809,0
6.9,0.16,8.3,752,211,0.023,0.11,1564,806,0
6.8,0.16,8.31,753,211,0.023,0.11,1541,809,0
6.9,0.16,8.31,752,211,0.023,0.109,1510,806,0
6.9,0.16,8.31,751,211,0.023,0.11,1559,810,0
6.9,0.16,8.31,753,211,0.023,0.11,1480,800,0
6.9,0.16,8.32,752,211,0.023,0.11,1541,803,0
6.9,0.16,8.32,752,211,0.023,0.108,1562,805,0
6.8,0.16,8.33,751,211,0.023,0.108,1538,804,0
6.9,0.16,8.32,752,211,0.023,0.109,1543,805,0
6.9,0.16,8.33,751,211,0.023,0.109,1524,805,0
6.9,0.16,8.32,752,211,0.023,0.109,1546,805,0
6.9,0.16,8.33,752,211,0.023,0.109,1530,803,0
6.9,0.16,8.33,752,211,0.023,0.109,1552,809,0
6.8,0.16,8.33,751,211,0.023,0.108,1526,805,0
6.8,0.16,8.34,752,211,0.027,0.109,1530,803,0
6.8,0.16,8.34,752,211,0.023,0.109,1497,803,0
6.8,0.16,8.33,752,211,0.023,0.106,1549,809,0
6.8,0.16,8.33,751,211,0.023,0.11,1564,803,0
6.8,0.16,8.33,751,211,0.023,0.108,1543,809,0
6.8,0.16,8.34,751,211,0.023,0.109,1540,809,0
6.8,0.17,8.34,751,211,0.023,0.108,1601,797,0
6.8,0.16,8.34,751,211,0.023,0.108,1550,809,0
6.9,0.17,8.34,751,211,0.023,0.109,1545,810,0
6.9,0.17,8.34,751,211,0.023,0.109,1516,810,0
6.8,0.17,8.34,752,211,0.023,0.108,1559,812,0
6.8,0.17,8.34,751,211,0.023,0.108,1567,806,0
6.9,0.16,8.34,751,211,0.023,0.109,1556,809,0
6.9,0.16,8.34,752,211,0.024,0.109,1561,805,0
6.9,0.16,8.34,751,211,0.026,0.109,1505,810,0
6.8,0.16,8.34,752,211,0.023,0.109,1540,806,0
6.9,0.16,8.34,751,211,0.023,0.109,1533,800,0
6.9,0.16,8.34,751,211,0.023,0.109,1575,805,0
6.9,0.16,8.35,751,211,0.023,0.109,1561,805,0
6.9,0.16,8.35,751,211,0.023,0.109,1527,799,0
6.9,0.16,8.36,751,211,0.023,0.108,1540,810,0
6.9,0.16,8.37,751,211,0.023,0.109,1541,800,0
6.9,0.16,8.37,751,211,0.024,0.109,1535,806,0
6.9,0.16,8.38,750,211,0.023,0.11,1570,805,0
6.9,0.16,8.39,749,211,0.023,0.109,1569,804,0
6.9,0.16,8.39,750,211,0.023,0.11,1564,809,0
6.9,0.16,8.39,749,211,0.023,0.111,1584,803,0
6.9,0.16,8.39,749,211,0.022,0.109,1534,800,0
6.9,0.16,8.39,749,211,0.023,0.109,1532,804,0
6.9,0.16,8.39,750,211,0.023,0.109,1593,804,0
6.9,0.16,8.39,751,211,0.023,0.111,1592,800,0
6.9,0.16,8.39,750,211,0.023,0.109,1555,804,0
6.9,0.16,8.39,750,211,0.022,0.109,1538,810,0
6.9,0.16,8.39,751,211,0.023,0.111,1550,804,0
6.9,0.16,8.39,750,211,0.023,0.111,1599,800,0
6.9,0.16,8.39,751,211,0.023,0.111,1555,804,0
6.9,0.16,8.39,751,211,0.022,0.111,1568,805,0
6.9,0.15,8.38,751,211,0.023,0.111,1535,799,0
6.9,0.15,8.38,751,211,0.022,0.111,1476,795,0
6.9,0.16,8.38,751,211,0.022,0.111,1576,817,0
6.9,0.16,8.38,751,211,0.022,0.111,1505,818,0
6.9,0.16,8.38,751,211,0.024,0.111,1511,815,0
6.9,0.16,8.38,751,211,0.022,0.111,1549,809,0
6.9,0.16,8.38,751,211,0.022,0.111,1619,803,0
6.9,0.16,8.38,751,211,0.023,0.111,1645,809,0
6.9,0.16,8.38,751,211,0.022,0.111,1667,805,0
6.9,0.16,8.38,751,211,0.023,0.111,1611,809,0
6.9,0.16,8.38,751,211,0.023,0.113,1584,800,0
6.9,0.16,8.37,751,211,0.022,0.111,1523,804,0
6.9,0.16,8.37,751,211,0.022,0.111,1563,811,0
6.9,0.16,8.37,751,211,0.022,0.113,1500,800,0
6.9,0.16,8.37,751,211,0.022,0.111,1518,804,0
6.9,0.16,8.37,751,211,0.023,0.111,1528,800,0
6.9,0.16,8.37,751,211,0.021,0.113,1547,806,0
6.9,0.16,8.37,751,211,0.021,0.113,1572,805,0
6.9,0.16,8.36,751,211,0.022,0.113,1527,795,0
6.9,0.16,8.36,751,214,0.021,0.111,1524,803,0
6.9,0.16,8.36,751,211,0.021,0.113,1538,800,0
6.9,0.16,8.36,751,211,0.021,0.111,1541,798,0
6.9,0.16,8.36,751,211,0.023,0.113,1516,805,0
6.9,0.16,8.36,751,211,0.024,0.113,1527,800,0
6.9,0.16,8.36,751,211,0.022,0.111,1524,806,0
6.9,0.16,8.36,751,211,0.021,0.113,1533,804,0
6.9,0.16,8.36,751,211,0.022,0.113,1546,798,0
6.9,0.16,8.36,751,214,0.022,0.111,1550,800,0
6.9,0.16,8.36,751,211,0.022,0.111,1543,804,0
6.9,0.16,8.35,751,211,0.022,0.111,1592,798,0
6.9,0.16,8.35,751,211,0.023,0.114,1590,799,0
6.9,0.16,8.35,751,211,0.022,0.111,1611,797,0
6.9,0.16,8.35,752,211,0.022,0.111,1622,797,0
6.9,0.16,8.35,751,214,0.022,0.111,1586,800,0
6.9,0.16,8.35,751,214,0.023,0.111,1626,803,0
6.9,0.16,8.35,752,214,0.022,0.111,1667,803,0
6.9,0.16,8.35,751,214,0.022,0.111,1648,809,0
6.9,0.16,8.34,752,211,0.022,0.113,1660,815,0
6.9,0.15,8.34,751,211,0.022,0.111,1649,810,0
6.9,0.16,8.34,752,214,0.022,0.111,1608,805,0
6.9,0.16,8.34,751,214,0.028,0.111,1655,800,0
6.9,0.15,8.34,752,214,0.022,0.113,1613,804,0
6.9,0.16,8.34,752,214,0.022,0.111,1763,809,0
6.9,0.16,8.34,751,214,0.022,0.113,1725,811,0
6.9,0.16,8.34,752,211,0.022,0.111,1717,809,0
6.9,0.16,8.34,752,214,0.022,0.111,1706,806,0
6.9,0.16,8.34,752,214,0.022,0.113,1679,811,0
6.9,0.16,8.34,752,214,0.023,0.111,1621,809,0
6.9,0.16,8.34,751,214,0.024,0.111,1642,814,0
6.9,0.16,8.34,752,214,0.023,0.111,1620,811,0
6.9,0.16,8.34,751,214,0.023,0.113,1672,811,0
6.9,0.16,8.34,751,214,0.023,0.113,1622,805,0
6.9,0.16,8.34,752,214,0.023,0.113,1631,810,0
6.9,0.16,8.34,752,214,0.023,0.111,1609,806,0
6.9,0.16,8.34,752,214,0.023,0.113,1656,810,0
6.9,0.16,8.34,752,214,0.023,0.113,1644,805,0
6.9,0.16,8.34,751,214,0.023,0.111,1690,810,0
6.9,0.16,8.34,751,214,0.023,0.111,1653,805,0
6.9,0.16,8.34,752,214,0.023,0.111,1643,812,0
6.9,0.16,8.34,752,214,0.023,0.111,1638,821,0
6.9,0.16,8.34,751,214,0.023,0.111,1656,814,0
6.9,0.16,8.34,751,214,0.023,0.113,1660,806,0
7,0.16,8.34,751,214,0.023,0.111,1634,811,0
6.9,0.16,8.34,751,214,0.023,0.111,1655,810,0
6.9,0.16,8.35,751,214,0.023,0.111,1614,811,0
6.9,0.16,8.34,751,214,0.023,0.111,1605,811,0
6.9,0.16,8.34,751,214,0.023,0.111,1637,814,0
7,0.16,8.34,751,214,0.023,0.111,1621,811,0
6.9,0.16,8.35,751,214,0.023,0.111,1620,811,0
7,0.15,8.35,751,214,0.023,0.111,1593,809,0
7,0.15,8.35,751,214,0.023,0.108,1631,814,0
7,0.15,8.35,751,214,0.023,0.109,1601,806,0
7,0.15,8.35,751,214,0.023,0.109,1634,809,0
7,0.15,8.36,751,214,0.023,0.109,1665,817,0
6.9,0.15,8.35,751,214,0.023,0.109,1627,814,0
7,0.15,8.36,751,214,0.023,0.109,1633,814,0
7,0.15,8.35,751,214,0.023,0.109,1634,810,0
7,0.16,8.36,751,214,0.023,0.108,1651,822,0
7,0.16,8.36,751,214,0.028,0.109,1584,818,0
7,0.16,8.36,751,214,0.023,0.106,1743,818,0
7,0.16,8.36,751,214,0.023,0.109,1665,815,0
7,0.16,8.36,751,214,0.023,0.108,1740,810,0
7,0.16,8.36,751,214,0.024,0.108,1656,811,0
7,0.16,8.55733536034794,727.280805155332,214,0.0303949578743681,0.108,1708,812,1
7,0.16,8.55733536034794,727.280805155332,214,0.0303949578743681,0.106,1694,814,1
7,0.16,8.55733536034794,727.280805155332,214,0.0303949578743681,0.106,1650,812,1
7,0.16,8.56733536034794,727.280805155332,214,0.0303949578743681,0.108,1701,820,1
7,0.16,8.56733536034794,727.280805155332,214,0.0303949578743681,0.108,1636,812,1
7,0.16,8.55733536034794,727.280805155332,214,0.0303949578743681,0.109,1582,809,1
7,0.16,8.56733536034794,727.280805155332,211,0.0303949578743681,0.106,1640,812,1
7,0.16,8.56733536034794,727.280805155332,214,0.0303949578743681,0.106,1611,812,1
7,0.16,8.56733536034794,727.280805155332,214,0.0313949578743681,0.106,1636,817,1
7,0.16,8.56733536034794,727.280805155332,214,0.0313949578743681,0.106,1628,818,1
7,0.16,8.56733536034794,727.280805155332,214,0.0333949578743681,0.106,1628,820,1
7,0.16,8.56733536034794,727.280805155332,214,0.0313949578743681,0.106,1620,818,1
7,0.16,8.56733536034794,727.280805155332,214,0.0303949578743681,0.106,1625,811,1
7,0.16,8.56733536034794,727.280805155332,214,0.0303949578743681,0.106,1630,812,1
7,0.16,8.56733536034794,727.280805155332,214,0.0303949578743681,0.106,1603,806,1
7,0.16,8.57733536034794,727.280805155332,214,0.0303949578743681,0.106,1620,817,1
7,0.16,8.56733536034794,727.280805155332,214,0.0303949578743681,0.106,1621,817,1
7,0.16,8.56733536034794,727.280805155332,214,0.0303949578743681,0.106,1630,810,1
7,0.16,8.37,751,214,0.024,0.106,1613,815,0
7,0.16,8.37,751,214,0.023,0.106,1619,821,0
7,0.16,8.38,751,214,0.024,0.106,1626,810,0
7,0.16,8.37,751,214,0.024,0.106,1611,814,0
7,0.16,8.38,751,214,0.03,0.106,1627,817,0
7,0.16,8.37,751,214,0.036,0.106,1638,815,0
7,0.16,8.37,751,214,0.024,0.106,1633,817,0
7,0.16,8.37,751,214,0.023,0.106,1607,820,0
7,0.15,8.37,751,214,0.023,0.106,1603,822,0
7,0.16,8.37,751,214,0.023,0.105,1630,820,0
7,0.15,8.37,750,214,0.024,0.106,1633,812,0
7,0.15,8.37,751,214,0.024,0.106,1631,818,0
7,0.16,8.37,751,214,0.024,0.106,1621,820,0
7,0.16,8.37,751,214,0.024,0.106,1598,822,0
7,0.16,8.37,751,214,0.024,0.105,1596,821,0
7,0.16,8.37,751,214,0.024,0.106,1620,814,0
7,0.16,8.37,751,214,0.024,0.106,1638,814,0
7,0.16,8.37,751,214,0.024,0.106,1598,815,0
7,0.16,8.36,751,214,0.028,0.106,1621,809,0
7,0.16,8.36,751,214,0.024,0.108,1633,821,0
7,0.16,8.36,751,214,0.024,0.106,1608,811,0
7,0.16,8.36,751,214,0.024,0.108,1655,821,0
7,0.16,8.36,750,214,0.024,0.106,1605,817,0
7,0.16,8.35,751,214,0.027,0.108,1622,822,0
7,0.17,8.35,751,214,0.024,0.106,1625,822,0
7,0.16,8.34,751,214,0.024,0.106,1608,826,0
7,0.16,8.35,751,214,0.024,0.108,1655,829,0
7,0.16,8.35,751,214,0.025,0.106,1611,829,0
7,0.16,8.34,751,211,0.024,0.106,1665,817,0
7,0.16,8.34,751,211,0.025,0.108,1692,826,0
7,0.17,8.34,751,214,0.024,0.106,1689,817,0
7,0.17,8.34,751,214,0.025,0.106,1645,815,0
7,0.16,8.34,751,214,0.025,0.106,1707,817,0
7,0.16,8.34,751,214,0.027,0.106,1680,817,0
7.1,0.16,8.33,751,214,0.024,0.106,1694,821,0
7.1,0.16,8.33,751,214,0.024,0.106,1673,832,0
7.1,0.16,8.33,751,214,0.024,0.106,1655,824,0
7.1,0.16,8.33,752,214,0.024,0.106,1783,828,0
7.1,0.16,8.33,751,214,0.023,0.106,1760,815,0
7.1,0.16,8.33,751,214,0.023,0.106,1760,817,0
7.1,0.16,8.33,751,214,0.023,0.106,1754,826,0
7.1,0.16,8.33,751,211,0.023,0.106,1688,821,0
7.1,0.16,8.33,751,214,0.023,0.106,1690,826,0
7.1,0.16,8.33,751,214,0.023,0.108,1672,818,0
7,0.16,8.33,751,214,0.023,0.106,1679,812,0
7,0.16,8.33,751,211,0.024,0.106,1689,812,0
7,0.16,8.33,751,214,0.023,0.106,1709,817,0
7.1,0.16,8.33,751,214,0.022,0.106,1674,822,0
7,0.16,8.33,751,214,0.023,0.108,1685,821,0
7.1,0.16,8.33,751,214,0.023,0.108,1685,822,0
7,0.16,8.33,751,214,0.023,0.108,1653,826,0
7,0.16,8.33,751,214,0.023,0.106,1659,820,0
7.1,0.16,8.33,751,214,0.023,0.106,1677,814,0
7,0.16,8.34,751,214,0.022,0.108,1686,811,0
7,0.16,8.33,751,214,0.023,0.108,1689,815,0
7,0.16,8.33,751,214,0.023,0.106,1672,820,0
7,0.16,8.33,751,211,0.023,0.109,1695,818,0
7.1,0.16,8.33,751,214,0.022,0.109,1666,822,0
7,0.16,8.33,751,214,0.026,0.108,1674,817,0
7,0.16,8.33,751,214,0.026,0.109,1619,814,0
7,0.16,8.33,751,214,0.023,0.109,1620,814,0
7,0.16,8.33,751,214,0.023,0.109,1621,811,0
7,0.16,8.34,751,214,0.023,0.111,1598,814,0
7,0.16,8.34,751,214,0.023,0.109,1597,818,0
7,0.16,8.34,752,214,0.023,0.109,1628,829,0
7,0.16,8.34,751,211,0.023,0.111,1638,826,0
7,0.16,8.33,751,214,0.023,0.111,1671,826,0
7,0.16,8.34,752,214,0.023,0.109,1619,824,0
7,0.16,8.34,752,214,0.022,0.111,1627,815,0
7,0.16,8.34,751,211,0.022,0.109,1650,814,0
7,0.16,8.34,751,211,0.024,0.111,1656,817,0
7,0.16,8.34,751,211,0.022,0.109,1763,822,0
7,0.16,8.34,751,211,0.022,0.111,1718,817,0
7,0.16,8.34,751,211,0.022,0.109,1706,809,0
7,0.16,8.34,751,211,0.023,0.109,1601,809,0
7,0.16,8.34,752,211,0.023,0.109,1660,814,0
7,0.16,8.34,751,211,0.023,0.109,1636,817,0
7,0.16,8.34,751,211,0.022,0.111,1662,818,0
7,0.16,8.34,751,211,0.023,0.109,1662,820,0
7,0.16,8.34,751,211,0.022,0.109,1657,827,0
7,0.16,8.35,751,211,0.022,0.111,1590,822,0
7,0.16,8.35,751,211,0.022,0.111,1660,826,0
7,0.16,8.35,751,211,0.022,0.111,1627,815,0
7,0.16,8.35,751,211,0.023,0.111,1671,824,0
7,0.16,8.35,751,211,0.023,0.111,1715,826,0
7,0.16,8.35,751,211,0.022,0.109,1753,835,0
7,0.16,8.35,751,211,0.022,0.111,1737,835,0
7,0.16,8.35,751,211,0.022,0.111,1695,826,0
7,0.16,8.35,751,211,0.022,0.111,1680,828,0
7,0.16,8.36,752,211,0.023,0.111,1674,824,0
7,0.16,8.36,751,211,0.022,0.111,1656,821,0
7,0.16,8.35,751,211,0.023,0.111,1649,822,0
7,0.16,8.36,751,211,0.023,0.111,1640,826,0
7,0.17,8.36,752,211,0.022,0.111,1701,828,0
7,0.17,8.36,751,211,0.022,0.111,1597,821,0
7,0.17,8.36,751,211,0.022,0.111,1628,822,0
7,0.17,8.36,751,211,0.022,0.111,1613,829,0
7,0.17,8.36,751,211,0.023,0.111,1700,822,0
7,0.17,8.36,751,211,0.022,0.111,1599,832,0
7,0.17,8.36,752,211,0.022,0.111,1631,824,0
7,0.17,8.36,751,211,0.022,0.111,1611,829,0
7,0.17,8.36,751,211,0.022,0.111,1601,826,0
7,0.17,8.37,751,211,0.023,0.111,1621,824,0
7,0.17,8.36,751,211,0.022,0.111,1651,827,0
6.9,0.17,8.36,751,211,0.023,0.111,1659,826,0
7,0.17,8.37,751,211,0.022,0.111,1655,824,0
7,0.17,8.37,751,211,0.023,0.111,1650,820,0
7,0.17,8.36,752,211,0.022,0.111,1663,822,0
7,0.17,8.36,751,211,0.023,0.113,1609,829,0
7,0.17,8.36,751,211,0.022,0.111,1574,826,0
7,0.17,8.36,751,211,0.023,0.111,1644,826,0
7,0.17,8.35,751,211,0.023,0.111,1645,821,0
7,0.17,8.36,751,211,0.023,0.111,1660,817,0
6.9,0.17,8.35,751,211,0.023,0.111,1601,822,0
6.9,0.17,8.35,751,211,0.022,0.111,1630,824,0
6.9,0.17,8.35,752,211,0.023,0.111,1622,827,0
6.9,0.17,8.35,752,211,0.024,0.113,1627,828,0
6.9,0.17,8.34,752,211,0.023,0.111,1592,821,0
6.9,0.17,8.35,752,211,0.023,0.111,1607,826,0
6.9,0.16,8.34,751,211,0.023,0.111,1655,822,0
7,0.17,8.34,751,211,0.023,0.111,1611,822,0
7,0.17,8.34,753,211,0.023,0.111,1615,820,0
6.9,0.16,8.34,751,211,0.023,0.111,1605,820,0
6.9,0.16,8.34,752,211,0.022,0.111,1592,822,0
6.9,0.17,8.34,752,211,0.023,0.111,1633,840,0
6.9,0.17,8.34,752,211,0.023,0.111,1598,835,0
7,0.17,8.34,752,211,0.022,0.111,1634,839,0
6.9,0.17,8.34,751,211,0.021,0.111,1642,832,0
7,0.17,8.34,752,211,0.021,0.111,1630,832,0
7,0.17,8.34,752,211,0.022,0.111,1584,822,0
7,0.17,8.34,752,211,0.022,0.111,1578,827,0
7,0.17,8.34,753,211,0.023,0.111,1572,817,0
7,0.17,8.34,751,211,0.023,0.111,1650,824,0
7,0.17,8.34,753,211,0.022,0.111,1591,822,0
7,0.17,8.35,751,211,0.023,0.111,1613,820,0
7,0.17,8.35,751,211,0.023,0.111,1590,826,0
7,0.17,8.35,752,211,0.023,0.111,1593,829,0
7,0.17,8.35,751,211,0.023,0.111,1619,826,0
7,0.17,8.36,751,211,0.023,0.111,1633,821,0
7,0.17,8.36,751,211,0.023,0.111,1625,821,0
7,0.17,8.36,752,211,0.023,0.111,1578,821,0
7,0.17,8.36,751,211,0.023,0.111,1578,824,0
7,0.17,8.36,752,211,0.022,0.111,1605,828,0
7,0.17,8.37,751,211,0.021,0.111,1556,828,0
7,0.17,8.37,751,211,0.021,0.111,1601,827,0
7,0.17,8.37,751,211,0.021,0.111,1660,832,0
7,0.17,8.37,751,211,0.021,0.111,1655,822,0
7,0.17,8.37,751,211,0.021,0.111,1608,826,0
7,0.17,8.37,751,211,0.021,0.111,1596,822,0
7,0.17,8.37,751,211,0.021,0.111,1604,821,0
7,0.17,8.37,751,211,0.021,0.111,1697,822,0
7,0.17,8.37,751,211,0.021,0.109,1702,832,0
7,0.17,8.38,751,211,0.021,0.111,1665,833,0
7,0.17,8.38,751,211,0.021,0.111,1672,821,0
7,0.17,8.37,751,211,0.021,0.111,1685,824,0
7,0.17,8.37,751,211,0.021,0.111,1659,818,0
7,0.17,8.37,751,211,0.021,0.111,1778,822,0
7,0.17,8.37,751,211,0.021,0.111,1753,824,0
7,0.17,8.37,751,211,0.021,0.111,1719,822,0
7,0.17,8.37,751,211,0.021,0.111,1766,826,0
7,0.17,8.37,751,211,0.021,0.111,1702,822,0
7,0.16,8.37,751,211,0.021,0.111,1769,826,0
7,0.17,8.37,752,211,0.021,0.111,1663,829,0
7,0.17,8.37,751,211,0.021,0.111,1668,822,0
7,0.17,8.37,751,211,0.021,0.111,1709,826,0
7,0.17,8.37,752,211,0.021,0.113,1680,821,0
7,0.17,8.36,751,211,0.021,0.111,1684,818,0
7,0.17,8.36,751,211,0.021,0.111,1657,821,0
7,0.17,8.36,752,211,0.021,0.111,1702,820,0
7,0.17,8.36,751,211,0.021,0.111,1686,827,0
7,0.17,8.36,752,211,0.021,0.111,1662,826,0
7,0.17,8.36,752,211,0.02,0.111,1662,826,0
7,0.17,8.36,752,211,0.02,0.111,1674,828,0
7,0.17,8.36,752,211,0.02,0.113,1666,824,0
7,0.17,8.36,751,211,0.02,0.111,1648,827,0
7,0.17,8.35,751,211,0.021,0.111,1688,815,0
7,0.17,8.35,752,211,0.02,0.111,1625,822,0
7,0.17,8.35,752,211,0.02,0.111,1650,826,0
7,0.17,8.35,752,211,0.021,0.111,1643,827,0
7,0.17,8.35,752,211,0.046,0.113,1672,827,0
7,0.17,8.34,752,211,0.029,0.113,1643,818,0
7,0.17,8.34,752,211,0.021,0.113,1657,826,0
7,0.17,8.34,752,211,0.021,0.113,1673,824,0
7,0.17,8.34,753,211,0.021,0.111,1696,821,0
7,0.17,8.34,753,211,0.022,0.111,1702,820,0
7,0.17,8.34,752,211,0.021,0.111,1674,828,0
7,0.17,8.33,752,211,0.021,0.113,1703,821,0
7,0.17,8.33,752,211,0.021,0.113,1659,824,0
7,0.17,8.33,753,211,0.021,0.113,1719,824,0
7,0.17,8.32,753,211,0.021,0.113,1692,822,0
7,0.17,8.32,753,211,0.021,0.113,1626,824,0
7,0.17,8.32,753,211,0.021,0.113,1657,824,0
7,0.16,8.32,753,211,0.026,0.113,1701,827,0
7,0.17,8.32,752,211,0.026,0.113,1616,824,0
7,0.17,8.31,754,211,0.021,0.114,1662,826,0
7,0.17,8.31,753,211,0.021,0.114,1701,829,0
7,0.17,8.3,754,211,0.021,0.114,1665,822,0
7,0.17,8.3,753,211,0.021,0.111,1766,829,0
7,0.17,8.3,753,211,0.021,0.114,1689,827,0
7,0.17,8.3,753,211,0.021,0.114,1761,822,0
7,0.17,8.3,753,211,0.021,0.114,1776,827,0
7,0.17,8.3,754,211,0.021,0.114,1753,824,0
7,0.17,8.3,754,211,0.021,0.114,1734,817,0
7,0.17,8.3,753,211,0.021,0.114,1688,824,0
7,0.17,8.3,753,211,0.021,0.114,1725,826,0
7,0.17,8.3,754,211,0.021,0.114,1625,820,0
7,0.17,8.3,754,211,0.021,0.114,1671,821,0
7,0.17,8.31,754,211,0.022,0.114,1709,827,0
7,0.17,8.31,753,211,0.021,0.114,1672,820,0
7,0.17,8.31,754,211,0.023,0.114,1656,826,0
7,0.17,8.31,753,211,0.021,0.114,1599,828,0
7,0.17,8.32,754,211,0.022,0.114,1592,827,0
7,0.17,8.32,754,211,0.022,0.114,1619,827,0
7,0.17,8.32,753,211,0.022,0.114,1557,826,0
7,0.17,8.32,753,211,0.023,0.114,1550,824,0
7,0.17,8.32,753,211,0.022,0.114,1575,817,0
7,0.17,8.32,753,211,0.022,0.114,1592,822,0
7,0.17,8.33,752,211,0.021,0.113,1597,829,0
7,0.17,8.33,753,211,0.022,0.114,1584,826,0
7,0.17,8.33,753,211,0.022,0.113,1601,822,0
7,0.17,8.34,753,211,0.021,0.113,1582,828,0
7,0.17,8.33,753,211,0.022,0.113,1556,827,0
7,0.17,8.33,752,211,0.022,0.114,1601,829,0
7,0.17,8.33,752,211,0.022,0.114,1574,828,0
7,0.17,8.33,752,211,0.022,0.114,1563,826,0
7,0.17,8.34,753,211,0.021,0.111,1564,829,0
7,0.17,8.34,753,211,0.022,0.113,1603,834,0
7,0.17,8.33,753,211,0.022,0.114,1567,824,0
7,0.17,8.33,753,211,0.022,0.113,1585,822,0
7,0.17,8.33,753,211,0.022,0.111,1581,824,0
7,0.17,8.33,753,211,0.021,0.113,1593,818,0
7,0.17,8.33,753,211,0.024,0.113,1570,826,0
7,0.17,8.33,753,211,0.022,0.113,1564,827,0
7,0.17,8.33,753,211,0.021,0.114,1598,818,0
7,0.17,8.33,752,211,0.021,0.113,1584,826,0
7,0.17,8.33,753,211,0.023,0.114,1569,824,0
7,0.17,8.33,753,211,0.022,0.114,1603,827,0
7,0.17,8.33,753,211,0.022,0.114,1575,824,0
7,0.17,8.32,752,211,0.023,0.114,1567,827,0
7,0.17,8.33,753,211,0.022,0.114,1596,824,0
7,0.17,8.52733536034794,729.280805155332,211,0.0293949578743681,0.114,1585,822,1
7,0.17,8.52733536034794,728.280805155332,211,0.0293949578743681,0.114,1572,820,1
7,0.17,8.52733536034794,729.280805155332,211,0.0303949578743681,0.114,1601,822,1
7,0.18,8.52733536034794,730.280805155332,211,0.0293949578743681,0.114,1579,828,1
7,0.17,8.52733536034794,729.280805155332,211,0.0303949578743681,0.116,1631,826,1
7,0.17,8.52733536034794,729.280805155332,211,0.0293949578743681,0.114,1582,827,1
7,0.18,8.52733536034794,728.280805155332,211,0.0293949578743681,0.114,1572,824,1
7,0.17,8.52733536034794,728.280805155332,211,0.0293949578743681,0.114,1593,824,1
7,0.18,8.52733536034794,729.280805155332,211,0.0293949578743681,0.114,1603,824,1
7,0.17,8.52733536034794,728.280805155332,211,0.0293949578743681,0.114,1581,822,1
7,0.17,8.52733536034794,729.280805155332,211,0.0283949578743681,0.114,1576,827,1
7,0.17,8.52733536034794,729.280805155332,211,0.0283949578743681,0.114,1559,828,1
7,0.17,8.52733536034794,729.280805155332,211,0.0283949578743681,0.114,1569,821,1
7,0.17,8.53733536034794,729.280805155332,211,0.0283949578743681,0.114,1601,828,1
7,0.17,8.53733536034794,728.280805155332,211,0.0283949578743681,0.114,1546,828,1
7,0.17,8.53733536034794,729.280805155332,211,0.0283949578743681,0.114,1584,827,1
7,0.17,8.53733536034794,729.280805155332,211,0.0283949578743681,0.114,1593,826,1
7,0.17,8.53733536034794,729.280805155332,211,0.0283949578743681,0.114,1581,822,1
7,0.17,8.34,752,211,0.021,0.114,1621,818,0
7,0.17,8.35,752,211,0.021,0.114,1587,822,0
7,0.17,8.34,752,211,0.021,0.113,1547,821,0
7,0.17,8.35,752,211,0.021,0.114,1572,820,0
7,0.17,8.35,752,211,0.021,0.114,1586,821,0
7,0.17,8.35,753,211,0.021,0.114,1562,821,0
7,0.17,8.35,752,211,0.021,0.113,1603,820,0
7,0.17,8.35,752,211,0.021,0.114,1563,827,0
7,0.17,8.35,751,211,0.021,0.113,1575,820,0
7,0.17,8.35,752,211,0.021,0.113,1609,820,0
7,0.17,8.35,752,211,0.023,0.113,1572,818,0
7,0.17,8.36,752,211,0.021,0.114,1530,820,0
7,0.17,8.36,752,211,0.021,0.114,1567,821,0
7,0.17,8.36,752,211,0.021,0.114,1591,818,0
7,0.17,8.36,752,211,0.021,0.114,1540,817,0
7,0.17,8.36,752,211,0.021,0.111,1547,817,0
7,0.17,8.36,752,211,0.021,0.113,1545,824,0
7,0.17,8.36,752,211,0.021,0.114,1604,822,0
7,0.17,8.36,753,211,0.021,0.113,1576,824,0
7,0.17,8.37,752,211,0.021,0.114,1596,821,0
7,0.17,8.37,751,211,0.021,0.114,1575,828,0
7,0.17,8.37,753,211,0.021,0.113,1621,826,0
7,0.17,8.37,752,211,0.021,0.111,1642,826,0
7,0.17,8.37,751,211,0.021,0.113,1587,822,0
7,0.17,8.37,751,211,0.021,0.111,1619,821,0
7,0.18,8.38,751,211,0.021,0.111,1607,814,0
7,0.17,8.38,752,211,0.021,0.113,1732,820,0
7,0.17,8.38,752,211,0.021,0.113,1754,818,0
7,0.17,8.38,752,211,0.021,0.114,1724,818,0
7,0.17,8.38,751,211,0.023,0.114,1673,826,0
7,0.17,8.38,752,211,0.023,0.113,1657,824,0
7,0.17,8.38,752,211,0.021,0.113,1657,828,0
7,0.17,8.39,752,211,0.021,0.113,1709,822,0
7,0.17,8.38,752,211,0.021,0.111,1660,826,0
7,0.17,8.38,752,211,0.023,0.114,1636,822,0
7,0.17,8.39,752,211,0.021,0.113,1653,820,0
7,0.17,8.38,752,211,0.021,0.113,1622,821,0
7,0.17,8.39,751,211,0.023,0.113,1673,824,0
7,0.17,8.39,752,211,0.021,0.114,1636,821,0
7,0.17,8.38,752,211,0.021,0.113,1659,821,0
7,0.17,8.38,752,211,0.021,0.113,1640,826,0
7,0.17,8.38,751,211,0.021,0.113,1651,824,0
7,0.17,8.38,751,211,0.021,0.114,1667,821,0
7,0.17,8.38,753,211,0.021,0.114,1667,826,0
7,0.17,8.38,752,211,0.021,0.114,1694,827,0
7,0.17,8.37,752,211,0.021,0.114,1696,822,0
7,0.17,8.37,752,211,0.021,0.114,1666,824,0
7,0.17,8.37,752,211,0.021,0.114,1680,826,0
7,0.17,8.37,753,211,0.021,0.114,1649,822,0
7,0.17,8.37,752,211,0.021,0.114,1673,815,0
7,0.17,8.36,753,211,0.021,0.114,1636,826,0
7,0.17,8.36,753,211,0.022,0.114,1666,824,0
7,0.17,8.36,752,211,0.021,0.114,1715,821,0
7,0.17,8.36,753,211,0.021,0.116,1668,821,0
7,0.17,8.36,752,211,0.021,0.114,1674,829,0
7,0.17,8.36,753,211,0.021,0.114,1668,821,0
7,0.17,8.35,753,211,0.021,0.114,1655,822,0
7,0.17,8.35,753,211,0.021,0.114,1671,827,0
7,0.17,8.35,753,211,0.022,0.114,1666,820,0
7,0.17,8.35,753,211,0.022,0.114,1696,827,0
7,0.18,8.35,753,211,0.022,0.116,1682,828,0
7,0.18,8.35,753,211,0.021,0.114,1686,821,0
7,0.17,8.35,752,211,0.021,0.114,1702,820,0
7,0.17,8.35,753,211,0.021,0.114,1686,822,0
7,0.17,8.34,753,211,0.021,0.116,1702,814,0
7,0.17,8.35,753,211,0.021,0.116,1674,809,0
7,0.17,8.34,752,211,0.021,0.114,1648,818,0
7,0.17,8.34,753,211,0.021,0.116,1718,822,0
7,0.17,8.34,754,211,0.022,0.116,1634,822,0
7,0.17,8.34,753,211,0.021,0.116,1643,818,0
7,0.17,8.34,753,211,0.021,0.114,1662,814,0
7,0.17,8.34,753,211,0.021,0.116,1672,810,0
7,0.17,8.34,753,211,0.022,0.114,1656,815,0
7,0.17,8.34,754,211,0.021,0.116,1665,818,0
7,0.17,8.34,753,211,0.022,0.116,1671,815,0
7,0.17,8.34,753,211,0.022,0.114,1640,817,0
7,0.17,8.33,753,211,0.021,0.114,1667,817,0
7,0.17,8.34,753,211,0.023,0.114,1665,812,0
7,0.17,8.34,752,211,0.021,0.116,1689,812,0
7,0.17,8.34,753,211,0.021,0.116,1564,814,0
7,0.17,8.33,753,211,0.021,0.114,1625,811,0
7,0.17,8.34,753,211,0.02,0.114,1614,818,0
7,0.17,8.34,752,211,0.021,0.114,1578,815,0
7,0.17,8.34,753,211,0.021,0.116,1592,818,0
7,0.17,8.33,753,211,0.021,0.114,1603,815,0
7,0.17,8.34,752,207,0.021,0.114,1584,815,0
7,0.17,8.33,753,211,0.021,0.114,1576,814,0
7,0.17,8.33,754,211,0.021,0.114,1614,812,0
7,0.17,8.34,752,211,0.021,0.114,1592,814,0
7,0.17,8.34,753,211,0.021,0.116,1586,815,0
7,0.17,8.33,753,211,0.022,0.116,1582,817,0
6.9,0.18,8.33,753,207,0.021,0.114,1607,814,0
7,0.17,8.33,753,211,0.02,0.116,1631,811,0
6.9,0.18,8.33,753,207,0.021,0.116,1633,818,0
6.9,0.18,8.33,754,211,0.02,0.116,1630,814,0
6.9,0.17,8.33,753,207,0.021,0.116,1593,811,0
6.9,0.17,8.33,753,207,0.021,0.114,1601,812,0
6.9,0.17,8.33,754,211,0.021,0.114,1609,815,0
7,0.17,8.33,753,211,0.021,0.113,1601,812,0
6.9,0.17,8.33,753,207,0.021,0.116,1608,810,0
6.9,0.17,8.33,753,211,0.021,0.116,1590,810,0
6.9,0.17,8.33,754,207,0.021,0.116,1597,812,0
7,0.17,8.33,752,207,0.021,0.116,1582,810,0
7,0.17,8.33,754,207,0.023,0.116,1615,814,0
6.9,0.17,8.33,754,207,0.021,0.114,1581,812,0
6.9,0.17,8.33,753,211,0.021,0.116,1616,811,0
6.9,0.17,8.33,754,207,0.024,0.116,1636,810,0
6.9,0.17,8.33,754,211,0.021,0.114,1593,812,0
6.9,0.17,8.32,754,211,0.021,0.116,1601,812,0
6.9,0.17,8.32,754,207,0.022,0.114,1596,811,0
6.9,0.17,8.32,752,207,0.021,0.114,1645,812,0
6.9,0.17,8.32,753,207,0.021,0.114,1636,812,0
6.9,0.17,8.32,753,207,0.02,0.114,1703,814,0
7,0.17,8.32,753,211,0.021,0.114,1690,817,0
6.9,0.17,8.32,754,211,0.02,0.114,1634,814,0
6.9,0.17,8.32,754,211,0.02,0.114,1717,810,0
7,0.17,8.32,754,211,0.021,0.114,1701,812,0
6.9,0.17,8.32,753,211,0.021,0.114,1638,817,0
6.9,0.17,8.32,753,211,0.021,0.114,1645,820,0
6.9,0.17,8.32,754,210,0.02,0.114,1619,817,0
6.9,0.17,8.32,753,211,0.02,0.114,1665,828,0
6.9,0.17,8.32,753,207,0.02,0.114,1665,826,0
6.9,0.17,8.31,753,211,0.02,0.114,1621,832,0
6.9,0.17,8.31,753,211,0.02,0.114,1603,826,0
7,0.17,8.31,753,207,0.021,0.114,1674,821,0
6.9,0.17,8.31,752,211,0.022,0.114,1590,827,0
7,0.17,8.31,753,211,0.021,0.114,1659,814,0
6.9,0.17,8.31,753,211,0.021,0.116,1599,811,0
6.9,0.17,8.31,753,211,0.021,0.114,1636,820,0
6.9,0.17,8.31,754,211,0.022,0.114,1645,812,0
6.9,0.17,8.31,753,211,0.021,0.114,1627,812,0
7,0.17,8.31,753,211,0.021,0.116,1644,811,0
6.9,0.18,8.31,753,211,0.021,0.116,1631,815,0
6.9,0.17,8.31,753,211,0.021,0.114,1637,822,0
6.9,0.17,8.31,754,211,0.02,0.114,1619,820,0
6.9,0.17,8.3,752,211,0.021,0.114,1626,818,0
6.9,0.17,8.3,753,211,0.02,0.114,1603,821,0
6.9,0.17,8.3,754,211,0.02,0.114,1665,812,0
6.9,0.17,8.3,753,211,0.02,0.116,1616,809,0
7,0.17,8.3,754,211,0.021,0.116,1627,818,0
7,0.17,8.3,753,211,0.02,0.114,1642,812,0
7,0.17,8.3,753,211,0.02,0.114,1616,805,0
7,0.17,8.3,753,211,0.021,0.114,1642,810,0
7,0.17,8.3,754,211,0.021,0.114,1628,812,0
7,0.17,8.3,754,211,0.021,0.114,1550,814,0
7,0.17,8.3,753,211,0.022,0.114,1640,817,0
7,0.17,8.3,753,211,0.02,0.114,1650,812,0
7,0.17,8.3,754,211,0.02,0.114,1613,811,0
7,0.17,8.3,754,211,0.02,0.114,1603,809,0
7,0.17,8.3,754,211,0.02,0.114,1634,812,0
7,0.17,8.3,753,211,0.022,0.114,1640,812,0
7,0.17,8.3,754,211,0.023,0.114,1703,810,0
7,0.17,8.3,754,211,0.021,0.114,1642,815,0
7,0.17,8.3,753,211,0.021,0.114,1637,814,0
7,0.17,8.29,753,211,0.02,0.114,1626,815,0
7,0.16,8.3,753,211,0.021,0.114,1640,812,0
6.9,0.17,8.3,753,211,0.021,0.114,1656,815,0
7,0.17,8.3,754,211,0.02,0.114,1638,815,0
7,0.16,8.3,754,211,0.021,0.116,1613,811,0
7,0.16,8.3,753,211,0.021,0.114,1637,817,0
7,0.16,8.29,753,211,0.021,0.114,1625,818,0
7,0.17,8.3,753,211,0.021,0.114,1667,818,0
7,0.17,8.3,754,211,0.021,0.114,1621,810,0
7,0.17,8.3,753,211,0.021,0.114,1638,810,0
7,0.17,8.3,754,211,0.021,0.114,1679,811,0
7,0.17,8.3,753,211,0.021,0.114,1730,810,0
7,0.17,8.3,754,211,0.022,0.114,1686,809,0
7,0.17,8.3,753,211,0.021,0.114,1688,809,0
7,0.17,8.31,754,211,0.021,0.114,1686,806,0
7,0.17,8.3,754,211,0.021,0.116,1686,806,0
7,0.17,8.3,754,211,0.021,0.114,1688,804,0
7,0.17,8.3,753,211,0.021,0.116,1695,800,0
7,0.17,8.3,754,211,0.021,0.114,1673,800,0
7,0.17,8.3,754,211,0.021,0.116,1718,804,0
7,0.17,8.31,753,211,0.021,0.114,1688,803,0
6.9,0.17,8.31,754,211,0.021,0.114,1667,804,0
6.9,0.17,8.31,752,211,0.021,0.114,1692,800,0
7,0.17,8.31,753,211,0.021,0.116,1702,804,0
7,0.17,8.31,753,211,0.021,0.117,1651,804,0
7,0.17,8.31,753,211,0.021,0.114,1709,810,0
7,0.17,8.31,753,211,0.021,0.117,1711,805,0
6.9,0.17,8.31,753,211,0.021,0.116,1692,799,0
7,0.17,8.31,753,211,0.021,0.114,1790,800,0
7,0.17,8.31,753,211,0.021,0.116,1754,804,0
7,0.16,8.31,754,211,0.021,0.116,1765,810,0
7,0.16,8.31,753,211,0.021,0.116,1668,803,0
7,0.16,8.31,754,211,0.021,0.114,1734,814,0
7,0.16,8.31,754,211,0.021,0.114,1701,812,0
7,0.16,8.32,753,211,0.021,0.114,1706,810,0
7,0.16,8.31,753,211,0.021,0.114,1697,800,0
7,0.16,8.31,753,211,0.021,0.114,1688,804,0
7,0.16,8.31,753,211,0.021,0.114,1715,804,0
7,0.16,8.32,752,211,0.021,0.116,1715,810,0
7,0.16,8.32,753,211,0.022,0.114,1677,805,0
7,0.16,8.32,753,211,0.021,0.114,1674,805,0
6.9,0.17,8.32,754,207,0.022,0.114,1679,806,0
6.9,0.16,8.32,753,211,0.021,0.114,1729,812,0
7,0.16,8.32,753,207,0.021,0.114,1703,810,0
7,0.17,8.32,753,207,0.021,0.114,1673,805,0
7,0.17,8.32,754,207,0.021,0.114,1763,810,0
7,0.17,8.31,753,207,0.021,0.114,1702,809,0
7,0.17,8.32,754,207,0.021,0.114,1712,805,0
7,0.17,8.32,753,207,0.022,0.114,1700,809,0
7,0.17,8.32,753,207,0.021,0.114,1694,812,0
7,0.17,8.32,754,207,0.021,0.114,1638,810,0
6.9,0.17,8.31,753,207,0.021,0.114,1723,805,0
6.9,0.17,8.31,753,207,0.021,0.114,1782,797,0
7,0.17,8.31,753,207,0.021,0.114,1692,800,0
7,0.17,8.31,753,207,0.021,0.114,1760,805,0
7,0.17,8.31,754,207,0.025,0.114,1718,795,0
7,0.17,8.31,752,207,0.021,0.114,1746,803,0
7,0.16,8.32,753,207,0.021,0.114,1686,805,0
7,0.17,8.31,753,207,0.021,0.114,1714,804,0
7,0.17,8.31,754,207,0.021,0.114,1723,800,0
7,0.17,8.31,751,207,0.021,0.114,1718,803,0
7,0.17,8.32,754,211,0.021,0.114,1740,804,0
7,0.17,8.31,752,207,0.023,0.114,1626,806,0
7,0.16,8.32,752,211,0.021,0.114,1627,809,0
7,0.16,8.32,754,207,0.021,0.113,1663,812,0
7,0.16,8.32,753,211,0.021,0.113,1586,809,0
7,0.16,8.32,752,211,0.021,0.114,1642,803,0
7,0.16,8.32,753,211,0.028,0.114,1649,812,0
7,0.17,8.32,753,211,0.021,0.113,1630,805,0
7,0.17,8.32,753,211,0.021,0.114,1673,810,0
7,0.17,8.32,752,211,0.021,0.111,1638,804,0
7,0.17,8.32,751,211,0.022,0.111,1619,800,0
7,0.16,8.33,752,207,0.021,0.113,1613,798,0
7,0.16,8.33,751,211,0.022,0.111,1660,798,0
7,0.16,8.34,752,207,0.022,0.111,1650,799,0
7,0.17,8.34,752,211,0.022,0.111,1651,803,0
7,0.16,8.34,752,207,0.022,0.111,1688,804,0
7,0.16,8.34,752,207,0.022,0.111,1644,803,0
7,0.17,8.35,752,207,0.021,0.111,1663,806,0
7,0.16,8.35,751,207,0.021,0.111,1688,798,0
7,0.16,8.36,751,207,0.021,0.111,1659,804,0
7,0.16,8.36,751,207,0.021,0.111,1644,800,0
7,0.16,8.36,751,207,0.021,0.111,1627,806,0
7,0.16,8.36,751,207,0.021,0.111,1627,806,0
7,0.17,8.36,752,211,0.021,0.111,1665,806,0
7,0.17,8.37,752,207,0.021,0.111,1659,810,0
7,0.17,8.37,752,207,0.021,0.111,1633,804,0
7,0.17,8.37,752,211,0.021,0.111,1613,806,0
7,0.17,8.37,752,211,0.022,0.111,1627,805,0
7,0.17,8.37,751,211,0.021,0.111,1581,806,0
7,0.17,8.37,751,211,0.022,0.111,1586,806,0
7,0.17,8.37,751,211,0.023,0.11,1614,805,0
7,0.17,8.37,751,211,0.023,0.111,1609,806,0
7,0.17,8.37,752,211,0.021,0.111,1627,804,0
7,0.17,8.37,751,211,0.021,0.111,1637,805,0
7,0.17,8.37,752,211,0.022,0.111,1648,806,0
7,0.17,8.37,751,211,0.022,0.111,1626,805,0
7,0.17,8.37,752,211,0.021,0.111,1638,805,0
7,0.17,8.37,751,211,0.021,0.111,1604,800,0
7,0.17,8.37,751,211,0.021,0.111,1662,800,0
7,0.17,8.37,751,211,0.021,0.113,1633,799,0
7,0.17,8.37,751,211,0.022,0.111,1578,809,0
7,0.17,8.37,752,211,0.022,0.111,1613,805,0
7,0.17,8.37,752,211,0.024,0.111,1778,803,0
7,0.17,8.37,751,211,0.022,0.111,1721,814,0
7,0.17,8.37,751,211,0.022,0.111,1723,805,0
7,0.17,8.38,751,211,0.021,0.111,1535,803,0
7,0.17,8.37,751,211,0.022,0.111,1626,803,0
7,0.16,8.37,751,211,0.022,0.111,1627,806,0
7,0.16,8.37,751,211,0.026,0.111,1611,810,0
7,0.16,8.37,752,211,0.024,0.111,1598,809,0
7,0.16,8.37,751,211,0.021,0.111,1628,806,0
7,0.16,8.37,751,211,0.021,0.111,1591,809,0
7,0.17,8.37,752,211,0.025,0.111,1644,806,0
7,0.17,8.37,752,211,0.021,0.111,1561,800,0
7,0.17,8.37,752,211,0.021,0.111,1703,804,0
7,0.17,8.37,752,211,0.022,0.111,1557,806,0
7,0.17,8.37,751,211,0.024,0.111,1615,804,0
7,0.17,8.37,751,211,0.021,0.111,1569,803,0
7,0.17,8.37,751,211,0.022,0.111,1667,803,0
7,0.17,8.37,752,211,0.022,0.111,1541,795,0
7,0.17,8.36,752,211,0.022,0.111,1608,804,0
7,0.17,8.36,752,211,0.023,0.11,1603,804,0
7,0.17,8.36,751,211,0.022,0.111,1613,809,0
7,0.17,8.37,751,211,0.021,0.111,1702,810,0
7,0.17,8.36,751,211,0.022,0.11,1556,810,0
7,0.17,8.37,751,211,0.022,0.111,1598,805,0
7,0.17,8.36,752,211,0.025,0.111,1578,803,0
7,0.17,8.36,751,211,0.021,0.111,1599,804,0
7,0.17,8.36,751,211,0.021,0.111,1584,806,0
7,0.17,8.36,752,211,0.021,0.111,1604,800,0
7,0.17,8.36,752,211,0.021,0.111,1572,812,0
7,0.17,8.36,751,211,0.022,0.111,1582,805,0
7,0.17,8.36,751,211,0.027,0.111,1590,809,0
7,0.17,8.35,751,211,0.023,0.111,1633,800,0
7,0.17,8.35,752,211,0.021,0.111,1579,797,0
7,0.17,8.35,752,211,0.021,0.111,1643,804,0
7,0.17,8.36,751,211,0.021,0.11,1633,805,0
7,0.17,8.35,752,211,0.021,0.111,1587,806,0
7,0.17,8.34,751,211,0.021,0.111,1584,805,0
7,0.17,8.34,752,211,0.022,0.111,1672,804,0
7,0.17,8.34,752,211,0.022,0.111,1599,799,0
7,0.17,8.34,752,211,0.021,0.111,1634,803,0
7,0.17,8.33,752,211,0.021,0.111,1582,809,0
7,0.17,8.33,752,211,0.024,0.113,1604,804,0
7,0.16,8.34,753,211,0.022,0.113,1587,803,0
7,0.16,8.33,753,211,0.022,0.111,1582,804,0
7,0.16,8.32,753,211,0.021,0.111,1605,805,0
7,0.16,8.32,752,211,0.021,0.111,1608,803,0
7,0.16,8.32,753,211,0.021,0.113,1712,799,0
7,0.17,8.31,752,211,0.021,0.114,1659,800,0
7,0.17,8.31,752,211,0.021,0.111,1657,800,0
7,0.17,8.31,753,211,0.022,0.113,1633,810,0
7,0.17,8.31,752,211,0.021,0.113,1622,803,0
7,0.17,8.31,753,211,0.021,0.111,1657,806,0
7,0.17,8.31,753,211,0.021,0.113,1631,803,0
7,0.17,8.3,753,211,0.021,0.114,1657,803,0
7,0.17,8.31,753,211,0.021,0.113,1659,804,0
7,0.17,8.3,754,211,0.021,0.113,1685,804,0
7,0.17,8.3,754,211,0.021,0.114,1642,797,0
7,0.17,8.31,753,211,0.022,0.113,1666,800,0
7,0.17,8.3,753,211,0.022,0.114,1709,798,0
7,0.17,8.3,753,211,0.022,0.113,1653,806,0
7,0.17,8.3,754,211,0.022,0.113,1662,811,0
7,0.17,8.3,754,211,0.022,0.114,1651,810,0
7,0.17,8.3,752,211,0.021,0.113,1734,809,0
7,0.17,8.31,753,211,0.022,0.113,1673,855,0
7,0.17,8.31,754,211,0.022,0.114,1688,861,0
7,0.17,8.31,753,211,0.022,0.114,1667,868,0
7,0.17,8.31,754,211,0.022,0.113,1620,868,0
7,0.17,8.31,754,211,0.022,0.113,1593,868,0
7,0.17,8.31,752,211,0.022,0.114,1603,875,0
7,0.18,8.3,753,211,0.022,0.114,1597,873,0
7,0.17,8.3,754,211,0.021,0.113,1640,878,0
7,0.17,8.3,754,211,0.023,0.114,1650,875,0
7,0.17,8.3,753,211,0.022,0.113,1592,873,0
7,0.17,8.31,754,211,0.021,0.114,1649,864,0
7,0.17,8.3,754,211,0.022,0.114,1614,864,0
7,0.17,8.3,753,211,0.021,0.114,1622,869,0
7,0.16,8.3,753,211,0.022,0.114,1636,868,0
7,0.17,8.3,754,211,0.022,0.114,1627,872,0
7,0.17,8.3,753,211,0.021,0.114,1633,873,0
7,0.17,8.3,754,211,0.021,0.114,1650,873,0
7,0.16,8.29,754,211,0.021,0.114,1636,873,0
7,0.16,8.29,753,211,0.021,0.113,1627,868,0
7,0.16,8.28,754,211,0.022,0.114,1649,866,0
7,0.16,8.28,754,211,0.022,0.113,1671,868,0
7,0.16,8.28,753,211,0.023,0.113,1663,864,0
7,0.17,8.28,754,211,0.024,0.114,1665,869,0
7,0.16,8.28,753,211,0.022,0.114,1644,868,0
7,0.17,8.28,754,211,0.022,0.114,1636,866,0
7,0.17,8.28,755,211,0.022,0.114,1659,876,0
7,0.17,8.28,754,211,0.022,0.114,1625,869,0
7,0.17,8.27,754,211,0.022,0.114,1621,868,0
7,0.17,8.27,754,211,0.022,0.114,1621,873,0
7,0.17,8.26,754,211,0.022,0.114,1645,876,0
7,0.17,8.27,754,211,0.022,0.114,1614,873,0
7,0.17,8.26,754,211,0.022,0.114,1648,870,0
7,0.17,8.26,754,211,0.023,0.114,1626,870,0
7,0.17,8.26,755,211,0.023,0.114,1677,869,0
7,0.17,8.26,754,211,0.022,0.114,1619,869,0
7,0.17,8.26,754,211,0.023,0.114,1634,868,0
7,0.17,8.26,754,211,0.023,0.114,1604,866,0
7,0.17,8.26,754,211,0.023,0.114,1615,876,0
7,0.17,8.26,755,211,0.023,0.114,1611,872,0
7,0.17,8.26,754,211,0.023,0.114,1586,868,0
7,0.17,8.26,754,211,0.023,0.116,1527,872,0
7,0.17,8.26,754,211,0.023,0.114,1568,873,0
7,0.17,8.26,754,211,0.023,0.114,1561,873,0
7,0.17,8.26,754,211,0.023,0.116,1515,869,0
7,0.17,8.26,754,211,0.027,0.114,1549,870,0
7,0.17,8.26,754,211,0.028,0.114,1526,872,0
7,0.16,8.26,754,211,0.023,0.114,1550,875,0
7,0.16,8.26,754,211,0.023,0.116,1547,872,0
7,0.16,8.26,754,211,0.023,0.114,1532,869,0
7,0.16,8.26,754,211,0.022,0.116,1543,870,0
7,0.16,8.26,754,211,0.022,0.114,1563,869,0
7,0.16,8.26,754,211,0.022,0.114,1530,866,0
7,0.16,8.26,754,211,0.022,0.116,1486,869,0
7,0.16,8.26,754,211,0.022,0.114,1488,878,0
7,0.16,8.26,754,211,0.022,0.114,1520,869,0
7,0.16,8.26,754,211,0.023,0.114,1521,873,0
7,0.16,8.26,754,211,0.022,0.116,1504,870,0
7,0.16,8.26,754,211,0.022,0.114,1516,869,0
7,0.16,8.26,754,211,0.022,0.114,1543,866,0
7,0.16,8.26,754,211,0.022,0.114,1503,876,0
7,0.17,8.26,754,211,0.022,0.114,1549,869,0
7,0.17,8.26,754,211,0.022,0.116,1546,869,0
7,0.17,8.26,754,211,0.022,0.114,1547,872,0
7,0.17,8.27,753,211,0.022,0.114,1521,879,0
7,0.17,8.27,754,211,0.022,0.114,1503,878,0
7,0.17,8.28,754,211,0.022,0.114,1535,872,0
7,0.17,8.28,754,211,0.022,0.114,1509,876,0
7,0.17,8.28,754,211,0.023,0.114,1517,869,0
7,0.17,8.28,754,211,0.028,0.114,1545,866,0
7,0.17,8.28,753,211,0.022,0.114,1526,868,0
7,0.17,8.28,754,211,0.022,0.114,1538,869,0
7,0.17,8.29,754,211,0.022,0.114,1630,869,0
7,0.17,8.3,754,211,0.022,0.114,1581,872,0
7,0.17,8.3,754,211,0.022,0.116,1572,872,0
7,0.17,8.3,754,211,0.022,0.116,1491,866,0
7,0.17,8.3,754,211,0.023,0.114,1533,873,0
7,0.17,8.3,754,211,0.022,0.114,1509,875,0
7,0.17,8.3,754,211,0.023,0.114,1505,878,0
7,0.17,8.3,754,211,0.023,0.114,1489,869,0
7,0.17,8.3,754,211,0.023,0.113,1511,869,0
7,0.17,8.3,754,211,0.023,0.114,1476,870,0
7,0.17,8.3,752,211,0.038,0.114,1493,872,0
7,0.17,8.3,754,211,0.023,0.114,1512,866,0
7,0.17,8.3,754,211,0.023,0.114,1515,866,0
7,0.17,8.3,753,211,0.023,0.114,1509,869,0
7,0.17,8.3,754,211,0.023,0.114,1518,869,0
7,0.17,8.3,754,211,0.023,0.114,1503,869,0
7,0.16,8.3,754,211,0.023,0.114,1460,872,0
7,0.17,8.3,754,211,0.023,0.113,1497,875,0
7,0.16,8.3,754,211,0.023,0.113,1498,863,0
7,0.16,8.3,754,211,0.023,0.114,1506,868,0
7,0.16,8.3,753,211,0.023,0.114,1488,876,0
7,0.16,8.3,754,211,0.023,0.114,1511,878,0
7,0.16,8.29,754,211,0.023,0.114,1487,875,0
7,0.16,8.29,753,211,0.023,0.113,1458,863,0
7,0.16,8.29,754,211,0.023,0.113,1509,873,0
7,0.16,8.29,753,211,0.023,0.113,1504,875,0
7,0.16,8.28,754,210,0.023,0.113,1469,881,0
7,0.17,8.28,753,211,0.023,0.113,1491,873,0
7,0.17,8.28,754,211,0.022,0.113,1505,876,0
7,0.17,8.28,753,210,0.022,0.113,1466,872,0
7,0.17,8.28,754,211,0.022,0.111,1511,875,0
7,0.17,8.28,754,211,0.022,0.113,1494,872,0
7,0.17,8.28,754,211,0.022,0.111,1527,868,0
7,0.17,8.28,753,211,0.022,0.113,1505,864,0
7,0.17,8.28,753,211,0.022,0.113,1511,872,0
7,0.18,8.28,754,211,0.022,0.113,1498,876,0
7,0.17,8.28,753,211,0.022,0.113,1505,881,0
7,0.17,8.28,753,211,0.022,0.111,1510,878,0
7,0.17,8.28,754,210,0.021,0.111,1511,876,0
7,0.17,8.29,753,211,0.021,0.113,1520,876,0
7,0.17,8.29,754,211,0.022,0.114,1494,879,0
7,0.17,8.29,754,210,0.022,0.113,1482,873,0
7,0.17,8.29,754,211,0.022,0.111,1465,879,0
7,0.16,8.29,753,211,0.022,0.111,1483,873,0
7,0.17,8.29,753,211,0.022,0.111,1453,873,0
7,0.17,8.3,753,211,0.022,0.11,1437,875,0
7,0.17,8.3,753,211,0.022,0.11,1436,876,0
7,0.17,8.3,752,211,0.022,0.11,1430,873,0
7,0.17,8.31,753,211,0.022,0.11,1451,880,0
7,0.17,8.31,753,211,0.023,0.11,1466,873,0
7,0.17,8.32,752,211,0.022,0.11,1464,872,0
7,0.17,8.32,753,211,0.022,0.111,1480,872,0
7,0.17,8.32,752,210,0.022,0.11,1472,876,0
7,0.17,8.32,753,210,0.022,0.111,1452,878,0
7,0.17,8.32,752,211,0.022,0.11,1429,876,0
6.9,0.17,8.33,751,210,0.021,0.111,1451,880,0
7,0.16,8.33,752,211,0.021,0.11,1443,876,0
7,0.16,8.34,752,211,0.021,0.11,1515,879,0
7,0.17,8.34,751,211,0.022,0.11,1495,875,0
7,0.17,8.35,752,211,0.022,0.11,1475,879,0
7,0.17,8.35,752,210,0.022,0.108,1469,878,0
7,0.17,8.35,751,211,0.022,0.109,1422,875,0
7,0.17,8.35,752,210,0.022,0.11,1451,879,0
7,0.17,8.35,751,211,0.024,0.108,1430,885,0
7,0.17,8.36,751,210,0.021,0.108,1417,876,0
7,0.17,8.37,751,211,0.021,0.108,1447,878,0
7,0.17,8.36,751,211,0.021,0.109,1453,876,0
7,0.17,8.36,751,211,0.021,0.109,1459,875,0
7,0.17,8.36,752,210,0.021,0.109,1431,875,0
